txn_id,matter_id,location_id,date,type,amount,source_system,balance_after
TR000001,MAT00001,LOC01,2024-11-06,Deposit,10273.22,CommBiz,10273.22
TR000002,MAT00001,LOC01,2024-06-16,Transfer to office (billing),-4364.44,Manual/LEAP,5908.78
TR000003,MAT00002,LOC04,2025-05-19,Disbursement payment,-1198.61,RapidPay,-1198.61
TR000004,MAT00002,LOC04,2025-03-18,Disbursement payment,-267.99,CommBiz,-1466.6
TR000005,MAT00003,LOC02,2025-12-22,Transfer to office (billing),-984.12,InfoTrack,-984.12
TR000006,MAT00003,LOC02,2025-12-24,Deposit,31613.31,CommBiz,30629.19
TR000007,MAT00004,LOC03,2025-12-01,Deposit,13434.64,RapidPay,13434.64
TR000008,MAT00004,LOC03,2025-12-21,Disbursement payment,-1084.42,Manual/LEAP,12350.22
TR000009,MAT00004,LOC03,2025-12-20,Deposit,19863.93,RapidPay,32214.15
TR000010,MAT00006,LOC01,2024-10-03,Transfer to office (billing),-2836.08,CommBiz,-2836.08
TR000011,MAT00007,LOC01,2024-11-02,Disbursement payment,-241.46,CommBiz,-241.46
TR000012,MAT00007,LOC01,2024-11-03,Deposit,23931.78,InfoTrack,23690.32
TR000013,MAT00008,LOC02,2024-08-06,Disbursement payment,-809.02,Manual/LEAP,-809.02
TR000014,MAT00009,LOC02,2024-10-28,Deposit,7371.62,RapidPay,7371.62
TR000015,MAT00009,LOC02,2024-05-30,Deposit,7219.99,CommBiz,14591.61
TR000016,MAT00010,LOC01,2025-10-24,Deposit,10477.0,Manual/LEAP,10477.0
TR000017,MAT00010,LOC01,2025-11-17,Disbursement payment,-213.28,InfoTrack,10263.72
TR000018,MAT00010,LOC01,2025-12-12,Deposit,13484.2,InfoTrack,23747.92
TR000019,MAT00010,LOC01,2025-12-04,Disbursement payment,-201.28,RapidPay,23546.64
TR000020,MAT00011,LOC01,2025-11-24,Disbursement payment,-899.98,CommBiz,-899.98
TR000021,MAT00011,LOC01,2025-11-23,Deposit,6026.73,Manual/LEAP,5126.75
TR000022,MAT00012,LOC03,2024-12-11,Deposit,10231.23,Manual/LEAP,10231.23
TR000023,MAT00012,LOC03,2024-09-28,Disbursement payment,-721.29,CommBiz,9509.94
TR000024,MAT00012,LOC03,2024-10-10,Disbursement payment,-675.51,InfoTrack,8834.43
TR000025,MAT00012,LOC03,2024-11-03,Disbursement payment,-545.93,InfoTrack,8288.5
TR000026,MAT00013,LOC04,2025-02-12,Disbursement payment,-4795.13,CommBiz,-4795.13
TR000027,MAT00015,LOC04,2025-07-27,Transfer to office (billing),-2771.84,InfoTrack,-2771.84
TR000028,MAT00016,LOC01,2025-09-16,Deposit,5261.2,RapidPay,5261.2
TR000029,MAT00016,LOC01,2025-08-12,Transfer to office (billing),-2020.37,CommBiz,3240.83
TR000030,MAT00016,LOC01,2025-07-16,Transfer to office (billing),-2918.31,Manual/LEAP,322.52
TR000031,MAT00016,LOC01,2025-10-09,Disbursement payment,-386.57,InfoTrack,-64.05
TR000032,MAT00016,LOC01,2025-06-14,Disbursement payment,-439.97,Manual/LEAP,-504.02
TR000033,MAT00017,LOC05,2025-03-17,Disbursement payment,-643.21,Manual/LEAP,-643.21
TR000034,MAT00017,LOC05,2025-02-28,Transfer to office (billing),-1661.36,RapidPay,-2304.57
TR000035,MAT00017,LOC05,2025-03-16,Disbursement payment,-936.46,CommBiz,-3241.03
TR000036,MAT00017,LOC05,2025-03-01,Deposit,4843.13,CommBiz,1602.1
TR000037,MAT00018,LOC03,2024-01-07,Disbursement payment,-453.58,Manual/LEAP,-453.58
TR000038,MAT00018,LOC03,2024-02-03,Disbursement payment,-445.78,CommBiz,-899.36
TR000039,MAT00018,LOC03,2024-03-12,Deposit,14155.53,Manual/LEAP,13256.17
TR000040,MAT00018,LOC03,2024-03-07,Transfer to office (billing),-3826.59,InfoTrack,9429.58
TR000041,MAT00018,LOC03,2024-02-26,Deposit,6743.51,CommBiz,16173.09
TR000042,MAT00019,LOC03,2025-05-24,Deposit,8637.82,CommBiz,8637.82
TR000043,MAT00020,LOC02,2025-12-19,Disbursement payment,-527.88,CommBiz,-527.88
TR000044,MAT00020,LOC02,2025-12-29,Disbursement payment,-1246.72,CommBiz,-1774.6
TR000045,MAT00021,LOC01,2025-10-16,Deposit,8539.43,RapidPay,8539.43
TR000046,MAT00022,LOC03,2025-08-09,Deposit,9247.4,CommBiz,9247.4
TR000047,MAT00022,LOC03,2025-09-07,Disbursement payment,-838.91,CommBiz,8408.49
TR000048,MAT00023,LOC01,2025-09-07,Deposit,10471.74,CommBiz,10471.74
TR000049,MAT00023,LOC01,2025-08-30,Deposit,3734.59,Manual/LEAP,14206.33
TR000050,MAT00025,LOC01,2025-09-11,Disbursement payment,-306.91,Manual/LEAP,-306.91
TR000051,MAT00025,LOC01,2025-05-14,Deposit,1229.3,Manual/LEAP,922.39
TR000052,MAT00026,LOC02,2025-10-22,Deposit,16260.09,CommBiz,16260.09
TR000053,MAT00026,LOC02,2025-10-12,Transfer to office (billing),-7105.49,CommBiz,9154.6
TR000054,MAT00026,LOC02,2025-10-19,Disbursement payment,-962.86,Manual/LEAP,8191.74
TR000055,MAT00027,LOC04,2024-05-26,Transfer to office (billing),-2030.37,CommBiz,-2030.37
TR000056,MAT00027,LOC04,2024-06-14,Deposit,6910.33,InfoTrack,4879.96
TR000057,MAT00027,LOC04,2024-05-20,Deposit,942.82,CommBiz,5822.78
TR000058,MAT00028,LOC04,2025-11-17,Transfer to office (billing),-1423.72,CommBiz,-1423.72
TR000059,MAT00028,LOC04,2025-11-30,Disbursement payment,-853.29,RapidPay,-2277.01
TR000060,MAT00029,LOC03,2025-09-24,Disbursement payment,-324.27,CommBiz,-324.27
TR000061,MAT00029,LOC03,2025-11-11,Disbursement payment,-1222.63,CommBiz,-1546.9
TR000062,MAT00029,LOC03,2025-09-20,Deposit,19963.21,RapidPay,18416.31
TR000063,MAT00030,LOC03,2025-07-30,Transfer to office (billing),-6008.68,CommBiz,-6008.68
TR000064,MAT00030,LOC03,2025-07-17,Deposit,7144.2,CommBiz,1135.52
TR000065,MAT00031,LOC05,2024-02-21,Deposit,6601.86,CommBiz,6601.86
TR000066,MAT00031,LOC05,2024-06-23,Deposit,14884.74,Manual/LEAP,21486.6
TR000067,MAT00031,LOC05,2024-10-05,Disbursement payment,-1710.3,CommBiz,19776.3
TR000068,MAT00031,LOC05,2024-06-08,Disbursement payment,-636.98,RapidPay,19139.32
TR000069,MAT00031,LOC05,2024-08-01,Disbursement payment,-774.11,InfoTrack,18365.21
TR000070,MAT00032,LOC04,2024-03-11,Deposit,5988.05,CommBiz,5988.05
TR000071,MAT00032,LOC04,2024-03-10,Deposit,5083.67,Manual/LEAP,11071.72
TR000072,MAT00032,LOC04,2024-04-19,Deposit,1131.57,Manual/LEAP,12203.29
TR000073,MAT00033,LOC03,2025-11-11,Disbursement payment,-274.57,CommBiz,-274.57
TR000074,MAT00034,LOC01,2024-09-10,Deposit,29367.72,InfoTrack,29367.72
TR000075,MAT00035,LOC01,2025-04-23,Deposit,4970.24,RapidPay,4970.24
TR000076,MAT00036,LOC03,2025-12-16,Transfer to office (billing),-1425.29,CommBiz,-1425.29
TR000077,MAT00036,LOC03,2025-12-01,Deposit,897.34,Manual/LEAP,-527.95
TR000078,MAT00037,LOC01,2024-11-21,Deposit,23474.44,CommBiz,23474.44
TR000079,MAT00037,LOC01,2025-02-06,Transfer to office (billing),-2412.96,RapidPay,21061.48
TR000080,MAT00038,LOC01,2024-05-07,Disbursement payment,-360.66,CommBiz,-360.66
TR000081,MAT00039,LOC02,2024-04-20,Disbursement payment,-1470.73,InfoTrack,-1470.73
TR000082,MAT00039,LOC02,2024-04-02,Deposit,7641.31,RapidPay,6170.58
TR000083,MAT00040,LOC03,2025-10-26,Deposit,4182.01,CommBiz,4182.01
TR000084,MAT00040,LOC03,2025-06-11,Deposit,12050.72,CommBiz,16232.73
TR000085,MAT00041,LOC01,2024-12-06,Transfer to office (billing),-5337.96,Manual/LEAP,-5337.96
TR000086,MAT00041,LOC01,2024-12-06,Deposit,1349.49,InfoTrack,-3988.47
TR000087,MAT00041,LOC01,2024-12-05,Disbursement payment,-750.86,CommBiz,-4739.33
TR000088,MAT00041,LOC01,2024-12-06,Deposit,14175.06,CommBiz,9435.73
TR000089,MAT00042,LOC01,2024-07-30,Transfer to office (billing),-2592.92,RapidPay,-2592.92
TR000090,MAT00042,LOC01,2024-08-03,Deposit,5144.14,RapidPay,2551.22
TR000091,MAT00042,LOC01,2024-08-02,Disbursement payment,-569.07,RapidPay,1982.15
TR000092,MAT00042,LOC01,2024-09-08,Deposit,9948.27,RapidPay,11930.42
TR000093,MAT00042,LOC01,2024-07-04,Disbursement payment,-887.85,RapidPay,11042.57
TR000094,MAT00043,LOC03,2025-09-08,Deposit,8148.53,RapidPay,8148.53
TR000095,MAT00043,LOC03,2025-09-06,Disbursement payment,-156.01,CommBiz,7992.52
TR000096,MAT00044,LOC03,2024-11-26,Disbursement payment,-932.39,RapidPay,-932.39
TR000097,MAT00045,LOC05,2024-03-17,Deposit,10921.77,Manual/LEAP,10921.77
TR000098,MAT00045,LOC05,2024-03-18,Deposit,5385.87,InfoTrack,16307.64
TR000099,MAT00045,LOC05,2024-05-01,Deposit,6306.86,CommBiz,22614.5
TR000100,MAT00045,LOC05,2024-04-10,Deposit,4296.12,Manual/LEAP,26910.62
TR000101,MAT00045,LOC05,2024-02-28,Deposit,9633.21,RapidPay,36543.83
TR000102,MAT00046,LOC01,2025-06-19,Deposit,10172.02,InfoTrack,10172.02
TR000103,MAT00047,LOC02,2025-07-17,Disbursement payment,-3997.68,InfoTrack,-3997.68
TR000104,MAT00049,LOC03,2025-10-12,Deposit,15212.58,RapidPay,15212.58
TR000105,MAT00049,LOC03,2025-09-18,Disbursement payment,-535.64,CommBiz,14676.94
TR000106,MAT00049,LOC03,2025-12-09,Transfer to office (billing),-2180.26,InfoTrack,12496.68
TR000107,MAT00050,LOC01,2025-10-30,Deposit,3883.67,CommBiz,3883.67
TR000108,MAT00050,LOC01,2025-10-27,Deposit,9654.95,RapidPay,13538.62
TR000109,MAT00051,LOC05,2025-02-15,Disbursement payment,-408.67,RapidPay,-408.67
TR000110,MAT00051,LOC05,2025-02-23,Deposit,5527.95,CommBiz,5119.28
TR000111,MAT00051,LOC05,2025-04-03,Deposit,10004.47,RapidPay,15123.75
TR000112,MAT00052,LOC03,2025-01-31,Deposit,4054.42,Manual/LEAP,4054.42
TR000113,MAT00052,LOC03,2025-03-24,Disbursement payment,-780.55,Manual/LEAP,3273.87
TR000114,MAT00052,LOC03,2024-10-11,Deposit,6384.61,RapidPay,9658.48
TR000115,MAT00052,LOC03,2025-01-13,Disbursement payment,-336.97,CommBiz,9321.51
TR000116,MAT00053,LOC04,2024-05-15,Transfer to office (billing),-1980.23,RapidPay,-1980.23
TR000117,MAT00054,LOC02,2024-11-03,Deposit,8497.94,InfoTrack,8497.94
TR000118,MAT00054,LOC02,2024-07-13,Disbursement payment,-671.51,CommBiz,7826.43
TR000119,MAT00055,LOC02,2025-12-06,Deposit,918.42,RapidPay,918.42
TR000120,MAT00055,LOC02,2025-10-17,Transfer to office (billing),-1438.81,Manual/LEAP,-520.39
TR000121,MAT00056,LOC04,2025-06-29,Disbursement payment,-465.0,RapidPay,-465.0
TR000122,MAT00057,LOC04,2025-06-21,Deposit,11847.52,Manual/LEAP,11847.52
TR000123,MAT00057,LOC04,2025-06-15,Disbursement payment,-459.64,CommBiz,11387.88
TR000124,MAT00058,LOC01,2024-12-02,Disbursement payment,-422.1,InfoTrack,-422.1
TR000125,MAT00058,LOC01,2024-12-29,Disbursement payment,-655.93,InfoTrack,-1078.03
TR000126,MAT00058,LOC01,2024-12-13,Deposit,1555.82,InfoTrack,477.79
TR000127,MAT00058,LOC01,2025-01-06,Deposit,3088.15,CommBiz,3565.94
TR000128,MAT00059,LOC02,2025-10-28,Transfer to office (billing),-1717.31,Manual/LEAP,-1717.31
TR000129,MAT00059,LOC02,2025-11-27,Disbursement payment,-463.08,InfoTrack,-2180.39
TR000130,MAT00060,LOC01,2025-09-29,Deposit,3226.12,CommBiz,3226.12
TR000131,MAT00060,LOC01,2025-11-25,Deposit,2617.21,Manual/LEAP,5843.33
TR000132,MAT00061,LOC01,2024-09-04,Deposit,18775.24,CommBiz,18775.24
TR000133,MAT00061,LOC01,2024-06-30,Deposit,4016.05,CommBiz,22791.29
TR000134,MAT00061,LOC01,2024-06-23,Deposit,14879.26,CommBiz,37670.55
TR000135,MAT00063,LOC01,2025-06-02,Disbursement payment,-678.33,CommBiz,-678.33
TR000136,MAT00063,LOC01,2025-06-11,Transfer to office (billing),-847.93,RapidPay,-1526.26
TR000137,MAT00064,LOC01,2024-10-16,Deposit,5163.54,Manual/LEAP,5163.54
TR000138,MAT00065,LOC04,2024-04-04,Deposit,12291.95,CommBiz,12291.95
TR000139,MAT00066,LOC04,2024-08-18,Deposit,8608.95,CommBiz,8608.95
TR000140,MAT00066,LOC04,2024-09-10,Transfer to office (billing),-8884.65,CommBiz,-275.7
TR000141,MAT00066,LOC04,2024-09-24,Disbursement payment,-225.55,RapidPay,-501.25
TR000142,MAT00067,LOC01,2025-07-10,Deposit,15613.3,CommBiz,15613.3
TR000143,MAT00067,LOC01,2025-07-04,Disbursement payment,-276.13,InfoTrack,15337.17
TR000144,MAT00067,LOC01,2025-07-06,Deposit,6668.46,RapidPay,22005.63
TR000145,MAT00067,LOC01,2025-08-08,Disbursement payment,-796.99,InfoTrack,21208.64
TR000146,MAT00067,LOC01,2025-08-11,Deposit,11986.77,CommBiz,33195.41
TR000147,MAT00068,LOC01,2025-12-28,Deposit,4454.26,RapidPay,4454.26
TR000148,MAT00069,LOC01,2025-02-18,Disbursement payment,-851.11,Manual/LEAP,-851.11
TR000149,MAT00069,LOC01,2024-12-04,Transfer to office (billing),-2546.19,InfoTrack,-3397.3
TR000150,MAT00069,LOC01,2024-10-24,Disbursement payment,-1794.49,CommBiz,-5191.79
TR000151,MAT00069,LOC01,2025-01-11,Disbursement payment,-441.25,CommBiz,-5633.04
TR000152,MAT00070,LOC02,2025-04-12,Deposit,10402.86,InfoTrack,10402.86
TR000153,MAT00070,LOC02,2024-11-27,Transfer to office (billing),-864.85,Manual/LEAP,9538.01
TR000154,MAT00070,LOC02,2024-11-18,Disbursement payment,-1448.43,CommBiz,8089.58
TR000155,MAT00070,LOC02,2024-11-13,Deposit,3227.5,Manual/LEAP,11317.08
TR000156,MAT00070,LOC02,2024-12-14,Deposit,18717.03,CommBiz,30034.11
TR000157,MAT00071,LOC03,2025-12-29,Deposit,13076.08,RapidPay,13076.08
TR000158,MAT00071,LOC03,2025-11-30,Transfer to office (billing),-1936.23,RapidPay,11139.85
TR000159,MAT00073,LOC03,2025-12-10,Disbursement payment,-1164.14,CommBiz,-1164.14
TR000160,MAT00073,LOC03,2025-12-19,Deposit,6733.88,Manual/LEAP,5569.74
TR000161,MAT00074,LOC02,2025-05-13,Disbursement payment,-2014.34,CommBiz,-2014.34
TR000162,MAT00075,LOC03,2025-06-09,Deposit,17871.8,RapidPay,17871.8
TR000163,MAT00075,LOC03,2025-08-19,Disbursement payment,-154.85,CommBiz,17716.95
TR000164,MAT00075,LOC03,2025-07-21,Deposit,1830.77,InfoTrack,19547.72
TR000165,MAT00076,LOC05,2024-10-02,Disbursement payment,-1098.02,CommBiz,-1098.02
TR000166,MAT00078,LOC01,2025-12-26,Deposit,8849.23,RapidPay,8849.23
TR000167,MAT00078,LOC01,2025-12-12,Deposit,10277.53,InfoTrack,19126.76
TR000168,MAT00078,LOC01,2025-12-27,Deposit,16193.18,Manual/LEAP,35319.94
TR000169,MAT00078,LOC01,2025-10-16,Disbursement payment,-748.85,Manual/LEAP,34571.09
TR000170,MAT00078,LOC01,2025-11-27,Transfer to office (billing),-1591.7,CommBiz,32979.39
TR000171,MAT00079,LOC03,2024-06-11,Disbursement payment,-3042.49,RapidPay,-3042.49
TR000172,MAT00079,LOC03,2025-01-21,Deposit,9827.56,Manual/LEAP,6785.07
TR000173,MAT00081,LOC02,2025-12-05,Disbursement payment,-631.02,Manual/LEAP,-631.02
TR000174,MAT00081,LOC02,2025-12-02,Transfer to office (billing),-4658.68,InfoTrack,-5289.7
TR000175,MAT00083,LOC04,2024-09-23,Disbursement payment,-325.65,CommBiz,-325.65
TR000176,MAT00083,LOC04,2024-10-12,Disbursement payment,-937.1,CommBiz,-1262.75
TR000177,MAT00083,LOC04,2025-02-08,Deposit,2550.21,Manual/LEAP,1287.46
TR000178,MAT00084,LOC02,2024-11-10,Deposit,13997.75,CommBiz,13997.75
TR000179,MAT00084,LOC02,2024-07-02,Transfer to office (billing),-2439.68,CommBiz,11558.07
TR000180,MAT00085,LOC03,2024-09-23,Deposit,5668.57,InfoTrack,5668.57
TR000181,MAT00085,LOC03,2024-08-11,Disbursement payment,-357.31,Manual/LEAP,5311.26
TR000182,MAT00085,LOC03,2024-09-28,Transfer to office (billing),-1889.79,RapidPay,3421.47
TR000183,MAT00086,LOC03,2024-03-24,Deposit,14433.68,CommBiz,14433.68
TR000184,MAT00087,LOC04,2024-08-17,Deposit,19466.11,CommBiz,19466.11
TR000185,MAT00087,LOC04,2024-06-20,Deposit,2893.23,RapidPay,22359.34
TR000186,MAT00087,LOC04,2024-05-05,Transfer to office (billing),-1243.29,CommBiz,21116.05
TR000187,MAT00088,LOC03,2025-09-27,Disbursement payment,-156.56,CommBiz,-156.56
TR000188,MAT00088,LOC03,2025-07-27,Disbursement payment,-1370.65,InfoTrack,-1527.21
TR000189,MAT00089,LOC01,2024-12-14,Transfer to office (billing),-3138.56,CommBiz,-3138.56
TR000190,MAT00089,LOC01,2025-01-08,Deposit,8281.88,RapidPay,5143.32
TR000191,MAT00089,LOC01,2024-10-19,Disbursement payment,-486.95,CommBiz,4656.37
TR000192,MAT00090,LOC01,2024-02-01,Disbursement payment,-1263.24,Manual/LEAP,-1263.24
TR000193,MAT00090,LOC01,2024-05-19,Disbursement payment,-885.79,RapidPay,-2149.03
TR000194,MAT00090,LOC01,2024-02-07,Disbursement payment,-386.99,CommBiz,-2536.02
TR000195,MAT00092,LOC04,2024-12-28,Transfer to office (billing),-2066.47,CommBiz,-2066.47
TR000196,MAT00092,LOC04,2025-07-19,Disbursement payment,-927.35,CommBiz,-2993.82
TR000197,MAT00092,LOC04,2025-05-30,Deposit,4069.05,CommBiz,1075.23
TR000198,MAT00092,LOC04,2025-01-11,Deposit,6942.57,Manual/LEAP,8017.8
TR000199,MAT00094,LOC01,2025-03-07,Disbursement payment,-210.82,Manual/LEAP,-210.82
TR000200,MAT00096,LOC03,2024-03-31,Deposit,3171.16,CommBiz,3171.16
TR000201,MAT00096,LOC03,2024-03-03,Deposit,17205.66,CommBiz,20376.82
TR000202,MAT00096,LOC03,2024-01-10,Disbursement payment,-293.63,CommBiz,20083.19
TR000203,MAT00096,LOC03,2024-02-15,Deposit,7369.69,CommBiz,27452.88
TR000204,MAT00097,LOC01,2024-08-27,Deposit,6210.95,Manual/LEAP,6210.95
TR000205,MAT00098,LOC01,2025-03-12,Deposit,6874.15,InfoTrack,6874.15
TR000206,MAT00099,LOC03,2024-11-20,Deposit,12207.92,RapidPay,12207.92
TR000207,MAT00099,LOC03,2024-10-29,Deposit,4937.14,CommBiz,17145.06
TR000208,MAT00099,LOC03,2024-11-27,Disbursement payment,-511.6,RapidPay,16633.46
TR000209,MAT00100,LOC03,2025-03-05,Deposit,11337.68,RapidPay,11337.68
TR000210,MAT00100,LOC03,2025-02-01,Deposit,8578.13,Manual/LEAP,19915.81
TR000211,MAT00101,LOC04,2024-12-21,Transfer to office (billing),-1074.63,RapidPay,-1074.63
TR000212,MAT00102,LOC03,2024-04-16,Deposit,11191.89,RapidPay,11191.89
TR000213,MAT00102,LOC03,2024-04-15,Transfer to office (billing),-436.26,CommBiz,10755.63
TR000214,MAT00102,LOC03,2024-04-02,Deposit,2496.73,Manual/LEAP,13252.36
TR000215,MAT00104,LOC04,2024-08-10,Transfer to office (billing),-1116.09,Manual/LEAP,-1116.09
TR000216,MAT00105,LOC01,2024-12-19,Disbursement payment,-1965.38,InfoTrack,-1965.38
TR000217,MAT00105,LOC01,2024-12-17,Deposit,5150.79,Manual/LEAP,3185.41
TR000218,MAT00105,LOC01,2024-12-14,Transfer to office (billing),-2363.87,CommBiz,821.54
TR000219,MAT00106,LOC02,2025-06-05,Disbursement payment,-322.42,CommBiz,-322.42
TR000220,MAT00108,LOC03,2025-05-01,Deposit,16505.13,Manual/LEAP,16505.13
TR000221,MAT00108,LOC03,2025-03-30,Disbursement payment,-470.8,Manual/LEAP,16034.33
TR000222,MAT00109,LOC05,2024-09-18,Deposit,35629.92,RapidPay,35629.92
TR000223,MAT00109,LOC05,2024-08-19,Disbursement payment,-390.43,CommBiz,35239.49
TR000224,MAT00109,LOC05,2024-08-13,Disbursement payment,-7309.95,CommBiz,27929.54
TR000225,MAT00109,LOC05,2024-08-01,Deposit,12475.92,CommBiz,40405.46
TR000226,MAT00110,LOC03,2024-08-13,Disbursement payment,-288.34,CommBiz,-288.34
TR000227,MAT00110,LOC03,2024-09-24,Transfer to office (billing),-3436.2,CommBiz,-3724.54
TR000228,MAT00110,LOC03,2024-06-07,Deposit,8517.74,Manual/LEAP,4793.2
TR000229,MAT00111,LOC04,2025-11-26,Deposit,9668.63,InfoTrack,9668.63
TR000230,MAT00112,LOC01,2025-12-25,Deposit,2550.83,InfoTrack,2550.83
TR000231,MAT00112,LOC01,2025-10-30,Deposit,6150.38,CommBiz,8701.21
TR000232,MAT00113,LOC03,2024-11-14,Disbursement payment,-428.57,Manual/LEAP,-428.57
TR000233,MAT00113,LOC03,2025-04-11,Deposit,4915.77,CommBiz,4487.2
TR000234,MAT00113,LOC03,2025-02-22,Disbursement payment,-1076.25,CommBiz,3410.95
TR000235,MAT00113,LOC03,2025-05-09,Disbursement payment,-1964.65,InfoTrack,1446.3
TR000236,MAT00114,LOC01,2025-02-06,Transfer to office (billing),-2513.31,InfoTrack,-2513.31
TR000237,MAT00114,LOC01,2025-07-15,Transfer to office (billing),-4108.14,RapidPay,-6621.45
TR000238,MAT00114,LOC01,2025-07-24,Deposit,33906.98,Manual/LEAP,27285.53
TR000239,MAT00115,LOC03,2025-06-01,Deposit,10250.6,Manual/LEAP,10250.6
TR000240,MAT00115,LOC03,2025-05-20,Transfer to office (billing),-1604.78,InfoTrack,8645.82
TR000241,MAT00115,LOC03,2025-06-18,Transfer to office (billing),-4596.15,CommBiz,4049.67
TR000242,MAT00116,LOC02,2025-11-24,Deposit,16952.55,InfoTrack,16952.55
TR000243,MAT00117,LOC03,2025-05-02,Deposit,21991.89,CommBiz,21991.89
TR000244,MAT00117,LOC03,2025-04-14,Deposit,3364.51,InfoTrack,25356.4
TR000245,MAT00118,LOC05,2025-04-27,Deposit,9579.79,CommBiz,9579.79
TR000246,MAT00118,LOC05,2025-03-12,Deposit,11475.8,Manual/LEAP,21055.59
TR000247,MAT00118,LOC05,2025-03-13,Deposit,2821.48,RapidPay,23877.07
TR000248,MAT00119,LOC04,2025-06-21,Deposit,14924.34,CommBiz,14924.34
TR000249,MAT00119,LOC04,2025-08-29,Disbursement payment,-1066.62,InfoTrack,13857.72
TR000250,MAT00120,LOC01,2025-05-07,Deposit,5827.76,RapidPay,5827.76
TR000251,MAT00120,LOC01,2025-06-28,Deposit,10593.65,CommBiz,16421.41
TR000252,MAT00121,LOC03,2024-08-03,Deposit,10567.53,CommBiz,10567.53
TR000253,MAT00121,LOC03,2024-11-29,Deposit,15507.44,RapidPay,26074.97
TR000254,MAT00122,LOC04,2024-03-10,Transfer to office (billing),-2991.0,CommBiz,-2991.0
TR000255,MAT00123,LOC01,2025-10-17,Disbursement payment,-367.87,CommBiz,-367.87
TR000256,MAT00123,LOC01,2025-12-22,Disbursement payment,-360.28,Manual/LEAP,-728.15
TR000257,MAT00123,LOC01,2025-12-23,Transfer to office (billing),-4988.7,CommBiz,-5716.85
TR000258,MAT00125,LOC01,2024-10-21,Deposit,20862.19,CommBiz,20862.19
TR000259,MAT00126,LOC01,2025-09-07,Deposit,11434.05,CommBiz,11434.05
TR000260,MAT00126,LOC01,2025-11-17,Deposit,17167.5,Manual/LEAP,28601.55
TR000261,MAT00126,LOC01,2025-05-20,Transfer to office (billing),-2841.36,Manual/LEAP,25760.19
TR000262,MAT00126,LOC01,2025-10-28,Deposit,5123.4,RapidPay,30883.59
TR000263,MAT00127,LOC01,2024-10-05,Disbursement payment,-3354.55,CommBiz,-3354.55
TR000264,MAT00128,LOC02,2025-12-28,Disbursement payment,-906.96,InfoTrack,-906.96
TR000265,MAT00128,LOC02,2025-11-30,Deposit,17531.01,CommBiz,16624.05
TR000266,MAT00128,LOC02,2025-11-16,Deposit,15133.43,CommBiz,31757.48
TR000267,MAT00128,LOC02,2025-11-23,Disbursement payment,-780.84,RapidPay,30976.64
TR000268,MAT00128,LOC02,2025-12-21,Deposit,7659.65,CommBiz,38636.29
TR000269,MAT00129,LOC01,2025-12-15,Deposit,11532.74,CommBiz,11532.74
TR000270,MAT00129,LOC01,2025-12-08,Disbursement payment,-1470.19,Manual/LEAP,10062.55
TR000271,MAT00131,LOC03,2025-05-14,Deposit,14878.11,CommBiz,14878.11
TR000272,MAT00131,LOC03,2025-05-15,Transfer to office (billing),-2252.29,CommBiz,12625.82
TR000273,MAT00131,LOC03,2025-12-04,Deposit,31149.05,CommBiz,43774.87
TR000274,MAT00132,LOC02,2024-09-13,Deposit,5513.69,Manual/LEAP,5513.69
TR000275,MAT00132,LOC02,2024-06-14,Transfer to office (billing),-3828.09,CommBiz,1685.6
TR000276,MAT00132,LOC02,2024-05-15,Deposit,5235.26,RapidPay,6920.86
TR000277,MAT00133,LOC02,2025-09-04,Disbursement payment,-516.31,RapidPay,-516.31
TR000278,MAT00133,LOC02,2025-11-12,Disbursement payment,-390.05,RapidPay,-906.36
TR000279,MAT00133,LOC02,2025-11-04,Disbursement payment,-2257.53,CommBiz,-3163.89
TR000280,MAT00133,LOC02,2025-09-12,Deposit,4224.17,CommBiz,1060.28
TR000281,MAT00134,LOC01,2024-04-01,Deposit,2609.19,InfoTrack,2609.19
TR000282,MAT00134,LOC01,2024-03-27,Deposit,12513.06,CommBiz,15122.25
TR000283,MAT00134,LOC01,2024-02-12,Transfer to office (billing),-4941.44,CommBiz,10180.81
TR000284,MAT00136,LOC01,2025-10-07,Disbursement payment,-1194.16,Manual/LEAP,-1194.16
TR000285,MAT00137,LOC03,2025-04-05,Deposit,18197.25,CommBiz,18197.25
TR000286,MAT00138,LOC03,2025-07-19,Transfer to office (billing),-3305.35,RapidPay,-3305.35
TR000287,MAT00138,LOC03,2025-08-31,Disbursement payment,-1396.58,Manual/LEAP,-4701.93
TR000288,MAT00139,LOC01,2024-12-30,Disbursement payment,-1431.97,CommBiz,-1431.97
TR000289,MAT00139,LOC01,2024-12-28,Deposit,15678.87,CommBiz,14246.9
TR000290,MAT00141,LOC03,2025-03-11,Deposit,5225.77,InfoTrack,5225.77
TR000291,MAT00141,LOC03,2025-03-29,Deposit,16390.76,CommBiz,21616.53
TR000292,MAT00142,LOC05,2025-09-29,Deposit,3787.36,CommBiz,3787.36
TR000293,MAT00142,LOC05,2025-11-22,Deposit,5364.24,Manual/LEAP,9151.6
TR000294,MAT00142,LOC05,2025-11-26,Deposit,11368.38,RapidPay,20519.98
TR000295,MAT00142,LOC05,2025-10-25,Deposit,7808.19,Manual/LEAP,28328.17
TR000296,MAT00143,LOC01,2025-04-18,Transfer to office (billing),-2391.28,InfoTrack,-2391.28
TR000297,MAT00143,LOC01,2025-05-09,Deposit,7046.11,InfoTrack,4654.83
TR000298,MAT00143,LOC01,2025-05-25,Transfer to office (billing),-1579.34,CommBiz,3075.49
TR000299,MAT00144,LOC03,2025-09-08,Disbursement payment,-1095.93,InfoTrack,-1095.93
TR000300,MAT00144,LOC03,2025-08-17,Disbursement payment,-584.7,RapidPay,-1680.63
TR000301,MAT00146,LOC03,2025-08-14,Deposit,14253.33,RapidPay,14253.33
TR000302,MAT00146,LOC03,2025-09-11,Disbursement payment,-1393.62,Manual/LEAP,12859.71
TR000303,MAT00147,LOC01,2025-03-31,Disbursement payment,-488.25,CommBiz,-488.25
TR000304,MAT00148,LOC01,2024-11-11,Deposit,12642.08,CommBiz,12642.08
TR000305,MAT00149,LOC02,2025-11-18,Deposit,5580.79,InfoTrack,5580.79
TR000306,MAT00150,LOC03,2024-05-30,Deposit,14144.91,InfoTrack,14144.91
TR000307,MAT00150,LOC03,2025-02-01,Deposit,4887.88,InfoTrack,19032.79
TR000308,MAT00150,LOC03,2024-04-08,Disbursement payment,-563.44,InfoTrack,18469.35
TR000309,MAT00151,LOC01,2024-08-30,Disbursement payment,-411.35,CommBiz,-411.35
TR000310,MAT00151,LOC01,2024-07-11,Deposit,5738.1,CommBiz,5326.75
TR000311,MAT00152,LOC03,2024-12-16,Disbursement payment,-705.8,InfoTrack,-705.8
TR000312,MAT00152,LOC03,2024-08-24,Deposit,3436.71,CommBiz,2730.91
TR000313,MAT00152,LOC03,2024-08-26,Disbursement payment,-671.75,InfoTrack,2059.16
TR000314,MAT00153,LOC02,2025-09-22,Disbursement payment,-405.06,RapidPay,-405.06
TR000315,MAT00153,LOC02,2025-03-23,Deposit,8539.75,RapidPay,8134.69
TR000316,MAT00153,LOC02,2025-08-25,Deposit,13028.34,CommBiz,21163.03
TR000317,MAT00153,LOC02,2025-07-12,Transfer to office (billing),-4061.55,CommBiz,17101.48
TR000318,MAT00154,LOC01,2025-08-17,Deposit,9432.09,RapidPay,9432.09
TR000319,MAT00154,LOC01,2025-04-19,Deposit,12420.35,CommBiz,21852.44
TR000320,MAT00154,LOC01,2025-04-20,Transfer to office (billing),-3023.85,Manual/LEAP,18828.59
TR000321,MAT00155,LOC02,2025-05-22,Transfer to office (billing),-3424.96,RapidPay,-3424.96
TR000322,MAT00155,LOC02,2025-05-15,Transfer to office (billing),-3503.13,RapidPay,-6928.09
TR000323,MAT00155,LOC02,2025-05-20,Disbursement payment,-2530.63,Manual/LEAP,-9458.72
TR000324,MAT00155,LOC02,2025-05-20,Deposit,4009.51,RapidPay,-5449.21
TR000325,MAT00155,LOC02,2025-05-18,Deposit,11996.49,CommBiz,6547.28
TR000326,MAT00156,LOC03,2025-04-30,Transfer to office (billing),-2829.25,CommBiz,-2829.25
TR000327,MAT00156,LOC03,2024-12-13,Transfer to office (billing),-6469.61,CommBiz,-9298.86
TR000328,MAT00156,LOC03,2025-02-28,Transfer to office (billing),-1102.8,CommBiz,-10401.66
TR000329,MAT00157,LOC01,2025-12-07,Deposit,3466.76,InfoTrack,3466.76
TR000330,MAT00158,LOC04,2025-10-20,Deposit,6370.79,Manual/LEAP,6370.79
TR000331,MAT00158,LOC04,2025-11-27,Disbursement payment,-622.61,RapidPay,5748.18
TR000332,MAT00158,LOC04,2025-08-06,Transfer to office (billing),-1469.29,CommBiz,4278.89
TR000333,MAT00158,LOC04,2025-09-29,Transfer to office (billing),-6010.54,CommBiz,-1731.65
TR000334,MAT00160,LOC04,2024-11-05,Disbursement payment,-423.5,CommBiz,-423.5
TR000335,MAT00160,LOC04,2025-04-09,Transfer to office (billing),-2538.84,InfoTrack,-2962.34
TR000336,MAT00160,LOC04,2025-06-07,Deposit,10670.08,CommBiz,7707.74
TR000337,MAT00162,LOC04,2024-04-18,Disbursement payment,-838.04,CommBiz,-838.04
TR000338,MAT00162,LOC04,2024-06-09,Transfer to office (billing),-5460.58,InfoTrack,-6298.62
TR000339,MAT00164,LOC03,2024-06-10,Disbursement payment,-559.51,InfoTrack,-559.51
TR000340,MAT00164,LOC03,2024-06-30,Transfer to office (billing),-3234.8,CommBiz,-3794.31
TR000341,MAT00164,LOC03,2024-05-26,Transfer to office (billing),-5828.49,Manual/LEAP,-9622.8
TR000342,MAT00164,LOC03,2024-06-11,Deposit,7517.22,InfoTrack,-2105.58
TR000343,MAT00164,LOC03,2024-06-25,Deposit,47786.33,CommBiz,45680.75
TR000344,MAT00165,LOC03,2024-04-25,Deposit,5770.82,CommBiz,5770.82
TR000345,MAT00165,LOC03,2024-04-07,Transfer to office (billing),-175.31,RapidPay,5595.51
TR000346,MAT00165,LOC03,2024-05-09,Disbursement payment,-2242.87,InfoTrack,3352.64
TR000347,MAT00166,LOC02,2025-05-26,Transfer to office (billing),-595.87,RapidPay,-595.87
TR000348,MAT00167,LOC03,2024-03-25,Deposit,12202.3,RapidPay,12202.3
TR000349,MAT00167,LOC03,2024-03-14,Disbursement payment,-1156.89,Manual/LEAP,11045.41
TR000350,MAT00167,LOC03,2024-05-21,Disbursement payment,-197.96,CommBiz,10847.45
TR000351,MAT00168,LOC04,2024-10-26,Transfer to office (billing),-3090.38,Manual/LEAP,-3090.38
TR000352,MAT00168,LOC04,2025-02-26,Disbursement payment,-1075.87,InfoTrack,-4166.25
TR000353,MAT00168,LOC04,2024-12-12,Deposit,6421.56,InfoTrack,2255.31
TR000354,MAT00168,LOC04,2024-11-03,Disbursement payment,-900.64,InfoTrack,1354.67
TR000355,MAT00168,LOC04,2025-01-26,Deposit,16340.83,InfoTrack,17695.5
TR000356,MAT00169,LOC01,2025-12-06,Disbursement payment,-396.47,InfoTrack,-396.47
TR000357,MAT00169,LOC01,2025-11-20,Transfer to office (billing),-3076.93,InfoTrack,-3473.4
TR000358,MAT00170,LOC02,2025-11-27,Deposit,5677.78,InfoTrack,5677.78
TR000359,MAT00170,LOC02,2025-11-25,Disbursement payment,-1312.56,CommBiz,4365.22
TR000360,MAT00170,LOC02,2025-11-28,Deposit,6211.67,InfoTrack,10576.89
TR000361,MAT00171,LOC04,2025-12-04,Disbursement payment,-2266.75,CommBiz,-2266.75
TR000362,MAT00171,LOC04,2025-10-01,Disbursement payment,-2832.78,RapidPay,-5099.53
TR000363,MAT00173,LOC05,2025-01-23,Disbursement payment,-1126.79,CommBiz,-1126.79
TR000364,MAT00173,LOC05,2024-10-14,Disbursement payment,-407.71,Manual/LEAP,-1534.5
TR000365,MAT00174,LOC02,2025-12-26,Disbursement payment,-1073.92,CommBiz,-1073.92
TR000366,MAT00174,LOC02,2025-12-08,Deposit,9497.76,RapidPay,8423.84
TR000367,MAT00176,LOC01,2025-01-08,Transfer to office (billing),-4106.43,CommBiz,-4106.43
TR000368,MAT00177,LOC01,2025-12-24,Transfer to office (billing),-987.3,CommBiz,-987.3
TR000369,MAT00177,LOC01,2025-11-21,Deposit,5861.68,Manual/LEAP,4874.38
TR000370,MAT00177,LOC01,2025-12-02,Disbursement payment,-1258.68,CommBiz,3615.7
TR000371,MAT00177,LOC01,2025-10-13,Disbursement payment,-750.75,InfoTrack,2864.95
TR000372,MAT00177,LOC01,2025-11-04,Disbursement payment,-1665.54,Manual/LEAP,1199.41
TR000373,MAT00178,LOC04,2025-03-29,Deposit,21152.66,InfoTrack,21152.66
TR000374,MAT00178,LOC04,2025-05-14,Deposit,2206.27,CommBiz,23358.93
TR000375,MAT00182,LOC02,2025-09-17,Deposit,17901.17,CommBiz,17901.17
TR000376,MAT00183,LOC03,2025-09-22,Deposit,14882.34,Manual/LEAP,14882.34
TR000377,MAT00183,LOC03,2025-10-06,Disbursement payment,-369.15,CommBiz,14513.19
TR000378,MAT00183,LOC03,2025-10-27,Transfer to office (billing),-4770.77,Manual/LEAP,9742.42
TR000379,MAT00183,LOC03,2025-09-16,Disbursement payment,-805.01,Manual/LEAP,8937.41
TR000380,MAT00184,LOC04,2025-01-15,Disbursement payment,-43.51,Manual/LEAP,-43.51
TR000381,MAT00184,LOC04,2025-03-02,Deposit,31230.76,CommBiz,31187.25
TR000382,MAT00185,LOC01,2025-11-28,Disbursement payment,-2493.88,Manual/LEAP,-2493.88
TR000383,MAT00185,LOC01,2025-09-26,Disbursement payment,-1742.41,CommBiz,-4236.29
TR000384,MAT00186,LOC04,2024-02-13,Transfer to office (billing),-11193.52,RapidPay,-11193.52
TR000385,MAT00186,LOC04,2024-04-30,Deposit,20278.18,InfoTrack,9084.66
TR000386,MAT00186,LOC04,2024-03-09,Disbursement payment,-194.42,CommBiz,8890.24
TR000387,MAT00187,LOC01,2024-06-12,Deposit,27955.19,CommBiz,27955.19
TR000388,MAT00187,LOC01,2024-05-02,Deposit,21212.04,Manual/LEAP,49167.23
TR000389,MAT00188,LOC01,2024-11-12,Deposit,17808.89,CommBiz,17808.89
TR000390,MAT00188,LOC01,2024-12-09,Deposit,39769.73,RapidPay,57578.62
TR000391,MAT00188,LOC01,2024-09-03,Deposit,5831.29,Manual/LEAP,63409.91
TR000392,MAT00189,LOC01,2024-08-12,Disbursement payment,-518.67,Manual/LEAP,-518.67
TR000393,MAT00189,LOC01,2024-09-24,Deposit,7295.73,CommBiz,6777.06
TR000394,MAT00190,LOC03,2024-03-03,Deposit,11232.26,CommBiz,11232.26
TR000395,MAT00190,LOC03,2024-02-05,Disbursement payment,-477.95,RapidPay,10754.31
TR000396,MAT00190,LOC03,2024-02-19,Disbursement payment,-944.61,CommBiz,9809.7
TR000397,MAT00191,LOC03,2025-09-20,Deposit,8976.51,CommBiz,8976.51
TR000398,MAT00192,LOC04,2024-03-26,Deposit,15926.5,CommBiz,15926.5
TR000399,MAT00192,LOC04,2024-02-22,Deposit,3727.17,InfoTrack,19653.67
TR000400,MAT00192,LOC04,2024-04-16,Deposit,4592.1,RapidPay,24245.77
TR000401,MAT00193,LOC02,2025-09-12,Transfer to office (billing),-1537.01,InfoTrack,-1537.01
TR000402,MAT00194,LOC04,2024-06-07,Deposit,6662.74,RapidPay,6662.74
TR000403,MAT00196,LOC03,2025-05-16,Deposit,15891.11,CommBiz,15891.11
TR000404,MAT00196,LOC03,2025-10-20,Deposit,7897.53,Manual/LEAP,23788.64
TR000405,MAT00197,LOC01,2025-12-14,Deposit,2927.08,Manual/LEAP,2927.08
TR000406,MAT00197,LOC01,2025-12-13,Disbursement payment,-653.88,RapidPay,2273.2
TR000407,MAT00197,LOC01,2025-12-28,Transfer to office (billing),-5011.56,Manual/LEAP,-2738.36
TR000408,MAT00197,LOC01,2025-12-15,Deposit,5842.34,CommBiz,3103.98
TR000409,MAT00197,LOC01,2025-12-13,Deposit,2554.61,InfoTrack,5658.59
TR000410,MAT00198,LOC01,2025-12-01,Disbursement payment,-3341.74,InfoTrack,-3341.74
TR000411,MAT00198,LOC01,2025-12-25,Deposit,8231.6,CommBiz,4889.86
TR000412,MAT00198,LOC01,2025-10-30,Deposit,5701.66,Manual/LEAP,10591.52
TR000413,MAT00199,LOC01,2025-12-11,Transfer to office (billing),-4813.75,Manual/LEAP,-4813.75
TR000414,MAT00199,LOC01,2025-12-10,Transfer to office (billing),-3903.04,Manual/LEAP,-8716.79
TR000415,MAT00201,LOC03,2024-12-29,Deposit,15184.59,CommBiz,15184.59
TR000416,MAT00201,LOC03,2025-03-04,Disbursement payment,-3289.96,Manual/LEAP,11894.63
TR000417,MAT00201,LOC03,2025-02-19,Transfer to office (billing),-2143.05,CommBiz,9751.58
TR000418,MAT00202,LOC05,2025-05-16,Deposit,11138.61,CommBiz,11138.61
TR000419,MAT00202,LOC05,2025-05-28,Transfer to office (billing),-1751.04,CommBiz,9387.57
TR000420,MAT00203,LOC04,2024-09-07,Deposit,6851.35,RapidPay,6851.35
TR000421,MAT00203,LOC04,2024-07-09,Deposit,13381.68,Manual/LEAP,20233.03
TR000422,MAT00203,LOC04,2024-08-30,Deposit,12113.16,CommBiz,32346.19
TR000423,MAT00205,LOC01,2025-07-30,Transfer to office (billing),-2527.43,InfoTrack,-2527.43
TR000424,MAT00205,LOC01,2025-09-06,Deposit,6838.01,CommBiz,4310.58
TR000425,MAT00205,LOC01,2025-07-10,Transfer to office (billing),-1184.86,CommBiz,3125.72
TR000426,MAT00205,LOC01,2025-05-24,Deposit,15169.56,CommBiz,18295.28
TR000427,MAT00206,LOC05,2024-06-16,Deposit,4991.74,RapidPay,4991.74
TR000428,MAT00208,LOC03,2025-08-31,Deposit,3594.22,Manual/LEAP,3594.22
TR000429,MAT00208,LOC03,2025-03-05,Deposit,12428.44,CommBiz,16022.66
TR000430,MAT00210,LOC01,2024-09-08,Transfer to office (billing),-460.72,CommBiz,-460.72
TR000431,MAT00210,LOC01,2025-02-20,Disbursement payment,-326.73,CommBiz,-787.45
TR000432,MAT00210,LOC01,2024-11-03,Disbursement payment,-107.93,Manual/LEAP,-895.38
TR000433,MAT00210,LOC01,2025-01-24,Deposit,10924.23,InfoTrack,10028.85
TR000434,MAT00210,LOC01,2024-11-08,Deposit,4280.48,CommBiz,14309.33
TR000435,MAT00211,LOC04,2025-11-08,Transfer to office (billing),-1909.22,Manual/LEAP,-1909.22
TR000436,MAT00211,LOC04,2025-04-13,Deposit,30802.32,InfoTrack,28893.1
TR000437,MAT00211,LOC04,2025-12-25,Deposit,7635.07,CommBiz,36528.17
TR000438,MAT00212,LOC01,2024-07-24,Deposit,9167.36,CommBiz,9167.36
TR000439,MAT00212,LOC01,2024-07-20,Transfer to office (billing),-2446.03,CommBiz,6721.33
TR000440,MAT00214,LOC01,2025-10-25,Disbursement payment,-216.66,CommBiz,-216.66
TR000441,MAT00214,LOC01,2025-10-13,Deposit,7684.73,RapidPay,7468.07
TR000442,MAT00214,LOC01,2025-10-20,Deposit,12062.03,InfoTrack,19530.1
TR000443,MAT00215,LOC03,2025-11-24,Deposit,5726.86,CommBiz,5726.86
TR000444,MAT00215,LOC03,2025-10-14,Deposit,6504.44,RapidPay,12231.3
TR000445,MAT00216,LOC02,2025-07-31,Deposit,25069.54,InfoTrack,25069.54
TR000446,MAT00216,LOC02,2025-04-07,Disbursement payment,-796.39,InfoTrack,24273.15
TR000447,MAT00216,LOC02,2025-08-09,Transfer to office (billing),-406.88,Manual/LEAP,23866.27
TR000448,MAT00217,LOC02,2024-04-25,Deposit,7101.55,RapidPay,7101.55
TR000449,MAT00217,LOC02,2024-06-28,Deposit,13269.24,CommBiz,20370.79
TR000450,MAT00218,LOC02,2025-03-19,Transfer to office (billing),-1356.11,RapidPay,-1356.11
TR000451,MAT00219,LOC02,2025-07-31,Disbursement payment,-582.8,InfoTrack,-582.8
TR000452,MAT00219,LOC02,2025-10-08,Disbursement payment,-234.44,InfoTrack,-817.24
TR000453,MAT00219,LOC02,2025-09-30,Transfer to office (billing),-3291.77,CommBiz,-4109.01
TR000454,MAT00220,LOC05,2024-07-06,Deposit,1734.41,InfoTrack,1734.41
TR000455,MAT00220,LOC05,2024-07-18,Deposit,10645.2,CommBiz,12379.61
TR000456,MAT00220,LOC05,2024-07-01,Disbursement payment,-522.0,InfoTrack,11857.61
TR000457,MAT00221,LOC03,2025-01-10,Disbursement payment,-3664.8,CommBiz,-3664.8
TR000458,MAT00221,LOC03,2025-01-19,Disbursement payment,-1238.0,CommBiz,-4902.8
TR000459,MAT00222,LOC04,2025-05-18,Disbursement payment,-1292.71,RapidPay,-1292.71
TR000460,MAT00222,LOC04,2024-08-25,Disbursement payment,-482.61,RapidPay,-1775.32
TR000461,MAT00223,LOC02,2025-11-08,Disbursement payment,-1113.89,CommBiz,-1113.89
TR000462,MAT00223,LOC02,2025-10-05,Deposit,17515.38,CommBiz,16401.49
TR000463,MAT00223,LOC02,2025-08-27,Transfer to office (billing),-2679.21,InfoTrack,13722.28
TR000464,MAT00224,LOC02,2025-08-07,Disbursement payment,-2475.7,CommBiz,-2475.7
TR000465,MAT00225,LOC04,2025-08-20,Disbursement payment,-264.43,RapidPay,-264.43
TR000466,MAT00225,LOC04,2025-07-31,Deposit,14140.83,CommBiz,13876.4
TR000467,MAT00225,LOC04,2025-08-06,Disbursement payment,-83.58,RapidPay,13792.82
TR000468,MAT00225,LOC04,2025-06-21,Disbursement payment,-208.64,Manual/LEAP,13584.18
TR000469,MAT00226,LOC03,2025-12-29,Transfer to office (billing),-1260.48,CommBiz,-1260.48
TR000470,MAT00226,LOC03,2025-11-26,Deposit,13962.75,InfoTrack,12702.27
TR000471,MAT00228,LOC02,2025-12-11,Disbursement payment,-237.11,CommBiz,-237.11
TR000472,MAT00228,LOC02,2025-12-14,Disbursement payment,-964.45,CommBiz,-1201.56
TR000473,MAT00228,LOC02,2025-12-02,Transfer to office (billing),-4442.98,CommBiz,-5644.54
TR000474,MAT00228,LOC02,2025-12-29,Transfer to office (billing),-1595.42,RapidPay,-7239.96
TR000475,MAT00228,LOC02,2025-12-04,Transfer to office (billing),-2710.17,InfoTrack,-9950.13
TR000476,MAT00229,LOC02,2025-03-27,Disbursement payment,-373.59,Manual/LEAP,-373.59
TR000477,MAT00229,LOC02,2024-11-07,Deposit,8974.21,InfoTrack,8600.62
TR000478,MAT00230,LOC03,2025-01-10,Transfer to office (billing),-1109.68,Manual/LEAP,-1109.68
TR000479,MAT00230,LOC03,2025-01-16,Deposit,32824.36,CommBiz,31714.68
TR000480,MAT00232,LOC01,2024-12-22,Deposit,6631.46,InfoTrack,6631.46
TR000481,MAT00232,LOC01,2024-12-27,Disbursement payment,-1860.87,InfoTrack,4770.59
TR000482,MAT00234,LOC05,2024-02-16,Deposit,15128.39,Manual/LEAP,15128.39
TR000483,MAT00234,LOC05,2024-02-04,Disbursement payment,-285.17,CommBiz,14843.22
TR000484,MAT00235,LOC01,2024-05-22,Disbursement payment,-2539.56,Manual/LEAP,-2539.56
TR000485,MAT00235,LOC01,2024-11-17,Transfer to office (billing),-2378.52,InfoTrack,-4918.08
TR000486,MAT00236,LOC03,2025-02-23,Disbursement payment,-386.83,Manual/LEAP,-386.83
TR000487,MAT00237,LOC01,2025-05-16,Disbursement payment,-523.66,CommBiz,-523.66
TR000488,MAT00237,LOC01,2025-06-23,Deposit,7023.02,Manual/LEAP,6499.36
TR000489,MAT00237,LOC01,2025-10-12,Deposit,2533.59,CommBiz,9032.95
TR000490,MAT00238,LOC03,2024-06-22,Transfer to office (billing),-2898.52,InfoTrack,-2898.52
TR000491,MAT00240,LOC03,2024-03-04,Disbursement payment,-1030.26,InfoTrack,-1030.26
TR000492,MAT00240,LOC03,2024-03-11,Deposit,7732.97,Manual/LEAP,6702.71
TR000493,MAT00241,LOC04,2025-08-30,Disbursement payment,-517.63,Manual/LEAP,-517.63
TR000494,MAT00242,LOC05,2025-12-11,Deposit,4734.08,RapidPay,4734.08
TR000495,MAT00242,LOC05,2025-12-06,Disbursement payment,-684.82,RapidPay,4049.26
TR000496,MAT00243,LOC04,2024-11-19,Deposit,16428.62,Manual/LEAP,16428.62
TR000497,MAT00244,LOC03,2025-07-04,Transfer to office (billing),-6826.92,CommBiz,-6826.92
TR000498,MAT00245,LOC01,2025-03-13,Transfer to office (billing),-1101.24,RapidPay,-1101.24
TR000499,MAT00245,LOC01,2025-01-18,Disbursement payment,-557.41,Manual/LEAP,-1658.65
TR000500,MAT00245,LOC01,2024-09-19,Deposit,11943.15,RapidPay,10284.5
TR000501,MAT00246,LOC01,2025-10-29,Transfer to office (billing),-2649.22,RapidPay,-2649.22
TR000502,MAT00246,LOC01,2025-10-27,Deposit,8969.78,RapidPay,6320.56
TR000503,MAT00246,LOC01,2025-11-06,Transfer to office (billing),-5689.96,RapidPay,630.6
TR000504,MAT00248,LOC02,2024-05-12,Disbursement payment,-403.27,Manual/LEAP,-403.27
TR000505,MAT00248,LOC02,2024-05-16,Deposit,13805.27,CommBiz,13402.0
TR000506,MAT00249,LOC04,2025-01-26,Deposit,15257.79,InfoTrack,15257.79
TR000507,MAT00249,LOC04,2025-04-03,Transfer to office (billing),-2019.29,InfoTrack,13238.5
TR000508,MAT00249,LOC04,2025-01-06,Transfer to office (billing),-2041.12,CommBiz,11197.38
TR000509,MAT00249,LOC04,2024-08-13,Transfer to office (billing),-1639.73,CommBiz,9557.65
TR000510,MAT00250,LOC01,2024-12-25,Deposit,7556.08,InfoTrack,7556.08
TR000511,MAT00250,LOC01,2024-10-05,Disbursement payment,-580.08,RapidPay,6976.0
TR000512,MAT00251,LOC01,2024-05-22,Deposit,17945.25,CommBiz,17945.25
TR000513,MAT00251,LOC01,2024-07-18,Disbursement payment,-1774.42,InfoTrack,16170.83
TR000514,MAT00251,LOC01,2024-06-11,Deposit,5729.17,CommBiz,21900.0
TR000515,MAT00252,LOC05,2024-07-12,Disbursement payment,-1181.66,Manual/LEAP,-1181.66
TR000516,MAT00252,LOC05,2024-05-01,Disbursement payment,-792.78,RapidPay,-1974.44
TR000517,MAT00252,LOC05,2024-06-24,Transfer to office (billing),-1250.58,CommBiz,-3225.02
TR000518,MAT00254,LOC03,2024-07-13,Disbursement payment,-514.08,CommBiz,-514.08
TR000519,MAT00254,LOC03,2024-11-14,Deposit,10939.79,RapidPay,10425.71
TR000520,MAT00255,LOC03,2025-06-21,Deposit,10523.94,CommBiz,10523.94
TR000521,MAT00257,LOC04,2025-03-27,Disbursement payment,-602.96,RapidPay,-602.96
TR000522,MAT00257,LOC04,2025-03-17,Transfer to office (billing),-4380.77,RapidPay,-4983.73
TR000523,MAT00257,LOC04,2024-11-23,Transfer to office (billing),-11420.42,Manual/LEAP,-16404.15
TR000524,MAT00258,LOC03,2025-04-16,Deposit,3306.08,RapidPay,3306.08
TR000525,MAT00258,LOC03,2025-02-03,Disbursement payment,-334.88,CommBiz,2971.2
TR000526,MAT00258,LOC03,2025-09-17,Disbursement payment,-722.53,InfoTrack,2248.67
TR000527,MAT00259,LOC03,2025-10-10,Disbursement payment,-244.44,RapidPay,-244.44
TR000528,MAT00259,LOC03,2025-03-09,Deposit,24327.93,InfoTrack,24083.49
TR000529,MAT00259,LOC03,2025-09-29,Deposit,3805.86,Manual/LEAP,27889.35
TR000530,MAT00260,LOC02,2025-03-02,Disbursement payment,-3561.75,Manual/LEAP,-3561.75
TR000531,MAT00260,LOC02,2025-04-12,Disbursement payment,-209.02,RapidPay,-3770.77
TR000532,MAT00261,LOC01,2025-01-10,Deposit,9971.15,RapidPay,9971.15
TR000533,MAT00261,LOC01,2024-09-20,Deposit,31694.5,InfoTrack,41665.65
TR000534,MAT00261,LOC01,2024-09-16,Transfer to office (billing),-4386.02,Manual/LEAP,37279.63
TR000535,MAT00262,LOC01,2024-11-02,Deposit,5698.16,CommBiz,5698.16
TR000536,MAT00263,LOC03,2024-06-17,Deposit,5974.26,Manual/LEAP,5974.26
TR000537,MAT00263,LOC03,2024-09-26,Deposit,22193.06,CommBiz,28167.32
TR000538,MAT00263,LOC03,2024-08-10,Disbursement payment,-182.04,RapidPay,27985.28
TR000539,MAT00264,LOC03,2025-12-21,Deposit,19514.33,Manual/LEAP,19514.33
TR000540,MAT00265,LOC04,2024-11-01,Deposit,12526.24,CommBiz,12526.24
TR000541,MAT00265,LOC04,2024-09-23,Disbursement payment,-1721.03,InfoTrack,10805.21
TR000542,MAT00265,LOC04,2024-03-04,Deposit,8153.91,CommBiz,18959.12
TR000543,MAT00268,LOC01,2025-11-19,Disbursement payment,-2309.56,CommBiz,-2309.56
TR000544,MAT00269,LOC03,2025-04-20,Deposit,18084.24,CommBiz,18084.24
TR000545,MAT00269,LOC03,2025-09-13,Deposit,29510.69,CommBiz,47594.93
TR000546,MAT00269,LOC03,2025-04-12,Deposit,6358.16,Manual/LEAP,53953.09
TR000547,MAT00269,LOC03,2025-07-01,Disbursement payment,-313.03,RapidPay,53640.06
TR000548,MAT00270,LOC02,2025-06-05,Deposit,5911.73,RapidPay,5911.73
TR000549,MAT00270,LOC02,2025-11-17,Transfer to office (billing),-841.8,Manual/LEAP,5069.93
TR000550,MAT00271,LOC01,2025-12-05,Deposit,6165.63,CommBiz,6165.63
TR000551,MAT00271,LOC01,2025-11-17,Disbursement payment,-260.64,CommBiz,5904.99
TR000552,MAT00272,LOC01,2024-02-23,Deposit,2825.41,CommBiz,2825.41
TR000553,MAT00273,LOC02,2025-04-03,Deposit,3042.44,CommBiz,3042.44
TR000554,MAT00273,LOC02,2025-07-21,Deposit,6786.83,CommBiz,9829.27
TR000555,MAT00273,LOC02,2025-10-04,Deposit,3945.75,RapidPay,13775.02
TR000556,MAT00274,LOC04,2025-11-23,Disbursement payment,-678.08,InfoTrack,-678.08
TR000557,MAT00274,LOC04,2025-12-01,Disbursement payment,-469.67,InfoTrack,-1147.75
TR000558,MAT00274,LOC04,2025-12-19,Disbursement payment,-395.96,InfoTrack,-1543.71
TR000559,MAT00276,LOC03,2024-05-20,Transfer to office (billing),-2020.57,Manual/LEAP,-2020.57
TR000560,MAT00277,LOC01,2025-12-19,Disbursement payment,-593.49,RapidPay,-593.49
TR000561,MAT00277,LOC01,2025-09-29,Deposit,7901.56,Manual/LEAP,7308.07
TR000562,MAT00277,LOC01,2025-11-26,Disbursement payment,-639.58,InfoTrack,6668.49
TR000563,MAT00278,LOC04,2024-07-10,Transfer to office (billing),-5142.44,CommBiz,-5142.44
TR000564,MAT00278,LOC04,2024-07-21,Deposit,9301.88,CommBiz,4159.44
TR000565,MAT00278,LOC04,2024-12-31,Deposit,9357.76,InfoTrack,13517.2
TR000566,MAT00280,LOC03,2024-10-18,Transfer to office (billing),-5719.74,CommBiz,-5719.74
TR000567,MAT00281,LOC02,2024-07-23,Disbursement payment,-618.49,RapidPay,-618.49
TR000568,MAT00282,LOC02,2024-10-22,Transfer to office (billing),-2428.66,RapidPay,-2428.66
TR000569,MAT00284,LOC02,2025-11-13,Deposit,6468.43,CommBiz,6468.43
TR000570,MAT00284,LOC02,2025-07-12,Deposit,5089.64,CommBiz,11558.07
TR000571,MAT00284,LOC02,2025-07-04,Disbursement payment,-1370.68,CommBiz,10187.39
TR000572,MAT00284,LOC02,2025-11-07,Disbursement payment,-533.26,CommBiz,9654.13
TR000573,MAT00284,LOC02,2025-09-18,Disbursement payment,-1139.32,CommBiz,8514.81
TR000574,MAT00285,LOC05,2024-11-21,Disbursement payment,-1174.88,CommBiz,-1174.88
TR000575,MAT00285,LOC05,2024-10-01,Deposit,4013.49,CommBiz,2838.61
TR000576,MAT00285,LOC05,2024-12-26,Disbursement payment,-123.42,CommBiz,2715.19
TR000577,MAT00285,LOC05,2024-10-31,Deposit,6968.82,CommBiz,9684.01
TR000578,MAT00285,LOC05,2024-12-25,Transfer to office (billing),-3631.09,RapidPay,6052.92
TR000579,MAT00286,LOC04,2024-01-12,Deposit,4733.55,Manual/LEAP,4733.55
TR000580,MAT00286,LOC04,2024-01-20,Disbursement payment,-475.41,CommBiz,4258.14
TR000581,MAT00287,LOC01,2024-09-16,Deposit,2036.74,CommBiz,2036.74
TR000582,MAT00287,LOC01,2024-08-10,Transfer to office (billing),-9301.0,CommBiz,-7264.26
TR000583,MAT00287,LOC01,2024-08-09,Transfer to office (billing),-13095.86,CommBiz,-20360.12
TR000584,MAT00287,LOC01,2024-07-23,Deposit,5478.21,CommBiz,-14881.91
TR000585,MAT00288,LOC01,2025-10-19,Transfer to office (billing),-1650.53,RapidPay,-1650.53
TR000586,MAT00288,LOC01,2025-10-30,Disbursement payment,-595.76,RapidPay,-2246.29
TR000587,MAT00290,LOC02,2025-11-21,Deposit,10830.23,Manual/LEAP,10830.23
TR000588,MAT00290,LOC02,2025-10-24,Disbursement payment,-1214.69,RapidPay,9615.54
TR000589,MAT00290,LOC02,2025-12-12,Transfer to office (billing),-4720.22,RapidPay,4895.32
TR000590,MAT00292,LOC03,2024-09-22,Deposit,1568.61,InfoTrack,1568.61
TR000591,MAT00293,LOC01,2025-10-31,Deposit,24342.44,Manual/LEAP,24342.44
TR000592,MAT00293,LOC01,2025-08-24,Disbursement payment,-266.94,CommBiz,24075.5
TR000593,MAT00293,LOC01,2025-09-01,Disbursement payment,-191.19,CommBiz,23884.31
TR000594,MAT00295,LOC01,2025-09-01,Deposit,7881.65,InfoTrack,7881.65
TR000595,MAT00296,LOC02,2024-06-30,Disbursement payment,-309.34,InfoTrack,-309.34
TR000596,MAT00296,LOC02,2024-10-21,Deposit,6762.69,CommBiz,6453.35
TR000597,MAT00296,LOC02,2024-07-02,Deposit,12578.0,CommBiz,19031.35
TR000598,MAT00297,LOC03,2024-06-25,Deposit,8061.01,RapidPay,8061.01
TR000599,MAT00299,LOC01,2025-05-21,Disbursement payment,-1824.8,InfoTrack,-1824.8
TR000600,MAT00299,LOC01,2025-03-26,Transfer to office (billing),-1953.09,RapidPay,-3777.89
TR000601,MAT00299,LOC01,2025-01-26,Disbursement payment,-1811.09,RapidPay,-5588.98
TR000602,MAT00299,LOC01,2025-02-01,Deposit,7682.21,CommBiz,2093.23
TR000603,MAT00300,LOC01,2024-07-13,Disbursement payment,-984.07,RapidPay,-984.07
TR000604,MAT00300,LOC01,2024-04-25,Disbursement payment,-757.23,CommBiz,-1741.3
TR000605,MAT00301,LOC01,2024-09-12,Transfer to office (billing),-4051.1,CommBiz,-4051.1
TR000606,MAT00302,LOC05,2025-12-01,Transfer to office (billing),-3071.44,CommBiz,-3071.44
TR000607,MAT00303,LOC01,2024-05-24,Disbursement payment,-408.1,InfoTrack,-408.1
TR000608,MAT00303,LOC01,2024-11-07,Disbursement payment,-296.95,RapidPay,-705.05
TR000609,MAT00303,LOC01,2024-08-06,Transfer to office (billing),-2031.63,CommBiz,-2736.68
TR000610,MAT00304,LOC02,2025-12-18,Disbursement payment,-226.91,RapidPay,-226.91
TR000611,MAT00305,LOC03,2025-02-05,Deposit,5219.17,CommBiz,5219.17
TR000612,MAT00305,LOC03,2025-02-25,Deposit,8473.67,InfoTrack,13692.84
TR000613,MAT00305,LOC03,2025-04-03,Deposit,8578.99,RapidPay,22271.83
TR000614,MAT00307,LOC01,2024-05-27,Disbursement payment,-278.27,CommBiz,-278.27
TR000615,MAT00307,LOC01,2024-06-06,Deposit,10665.28,RapidPay,10387.01
TR000616,MAT00307,LOC01,2024-03-30,Disbursement payment,-544.26,CommBiz,9842.75
TR000617,MAT00308,LOC05,2025-04-29,Deposit,6306.66,InfoTrack,6306.66
TR000618,MAT00308,LOC05,2025-06-04,Disbursement payment,-707.77,Manual/LEAP,5598.89
TR000619,MAT00309,LOC01,2024-11-13,Disbursement payment,-1210.03,RapidPay,-1210.03
TR000620,MAT00310,LOC03,2025-09-07,Deposit,5448.53,CommBiz,5448.53
TR000621,MAT00310,LOC03,2025-06-04,Disbursement payment,-354.59,InfoTrack,5093.94
TR000622,MAT00310,LOC03,2025-06-04,Deposit,2533.37,Manual/LEAP,7627.31
TR000623,MAT00311,LOC03,2025-12-07,Transfer to office (billing),-1266.09,CommBiz,-1266.09
TR000624,MAT00311,LOC03,2025-12-15,Disbursement payment,-559.78,Manual/LEAP,-1825.87
TR000625,MAT00312,LOC01,2025-11-22,Disbursement payment,-4699.82,InfoTrack,-4699.82
TR000626,MAT00312,LOC01,2025-11-06,Deposit,4898.76,RapidPay,198.94
TR000627,MAT00313,LOC01,2024-05-18,Deposit,7489.08,Manual/LEAP,7489.08
TR000628,MAT00313,LOC01,2024-06-09,Disbursement payment,-258.02,InfoTrack,7231.06
TR000629,MAT00313,LOC01,2024-06-09,Deposit,5168.31,CommBiz,12399.37
TR000630,MAT00314,LOC04,2025-03-22,Deposit,11892.48,Manual/LEAP,11892.48
TR000631,MAT00314,LOC04,2025-04-26,Deposit,3075.16,RapidPay,14967.64
TR000632,MAT00315,LOC02,2025-06-24,Deposit,14379.21,CommBiz,14379.21
TR000633,MAT00315,LOC02,2025-06-01,Deposit,28982.36,CommBiz,43361.57
TR000634,MAT00315,LOC02,2025-08-22,Deposit,12538.68,RapidPay,55900.25
TR000635,MAT00316,LOC01,2025-11-09,Disbursement payment,-458.24,InfoTrack,-458.24
TR000636,MAT00316,LOC01,2025-11-12,Disbursement payment,-354.87,RapidPay,-813.11
TR000637,MAT00316,LOC01,2025-11-10,Deposit,3977.63,RapidPay,3164.52
TR000638,MAT00317,LOC04,2025-08-09,Deposit,14199.33,CommBiz,14199.33
TR000639,MAT00317,LOC04,2025-05-08,Deposit,6103.4,CommBiz,20302.73
TR000640,MAT00317,LOC04,2025-05-15,Transfer to office (billing),-1226.87,RapidPay,19075.86
TR000641,MAT00318,LOC04,2024-10-25,Disbursement payment,-640.93,InfoTrack,-640.93
TR000642,MAT00318,LOC04,2024-09-22,Deposit,5379.61,CommBiz,4738.68
TR000643,MAT00318,LOC04,2024-09-19,Deposit,17625.6,CommBiz,22364.28
TR000644,MAT00318,LOC04,2024-09-14,Disbursement payment,-167.07,CommBiz,22197.21
TR000645,MAT00318,LOC04,2024-10-30,Disbursement payment,-222.32,RapidPay,21974.89
TR000646,MAT00319,LOC05,2025-09-19,Disbursement payment,-1489.86,Manual/LEAP,-1489.86
TR000647,MAT00319,LOC05,2025-11-08,Deposit,3109.0,InfoTrack,1619.14
TR000648,MAT00319,LOC05,2025-08-28,Disbursement payment,-1012.38,InfoTrack,606.76
TR000649,MAT00320,LOC02,2025-02-02,Disbursement payment,-656.96,InfoTrack,-656.96
TR000650,MAT00320,LOC02,2025-03-22,Deposit,7326.25,CommBiz,6669.29
TR000651,MAT00323,LOC03,2025-11-22,Transfer to office (billing),-1858.8,Manual/LEAP,-1858.8
TR000652,MAT00324,LOC02,2025-05-19,Disbursement payment,-1348.88,InfoTrack,-1348.88
TR000653,MAT00324,LOC02,2025-08-27,Disbursement payment,-501.17,RapidPay,-1850.05
TR000654,MAT00325,LOC02,2024-02-27,Deposit,27942.32,RapidPay,27942.32
TR000655,MAT00325,LOC02,2024-01-25,Disbursement payment,-3487.24,CommBiz,24455.08
TR000656,MAT00326,LOC04,2025-06-29,Disbursement payment,-1581.1,InfoTrack,-1581.1
TR000657,MAT00326,LOC04,2025-07-03,Disbursement payment,-2311.19,CommBiz,-3892.29
TR000658,MAT00326,LOC04,2025-07-05,Disbursement payment,-264.19,RapidPay,-4156.48
TR000659,MAT00326,LOC04,2025-06-05,Disbursement payment,-162.44,Manual/LEAP,-4318.92
TR000660,MAT00327,LOC01,2024-03-09,Deposit,13644.42,CommBiz,13644.42
TR000661,MAT00328,LOC03,2025-11-19,Disbursement payment,-700.74,RapidPay,-700.74
TR000662,MAT00329,LOC03,2024-09-12,Disbursement payment,-190.11,CommBiz,-190.11
TR000663,MAT00330,LOC03,2025-02-10,Disbursement payment,-602.72,Manual/LEAP,-602.72
TR000664,MAT00330,LOC03,2025-03-19,Deposit,5903.45,InfoTrack,5300.73
TR000665,MAT00331,LOC01,2025-12-29,Transfer to office (billing),-1931.16,InfoTrack,-1931.16
TR000666,MAT00331,LOC01,2025-12-31,Disbursement payment,-281.53,CommBiz,-2212.69
TR000667,MAT00331,LOC01,2025-10-30,Deposit,5551.88,CommBiz,3339.19
TR000668,MAT00331,LOC01,2025-10-07,Transfer to office (billing),-2259.15,InfoTrack,1080.04
TR000669,MAT00332,LOC05,2025-08-30,Disbursement payment,-827.55,Manual/LEAP,-827.55
TR000670,MAT00333,LOC02,2025-08-08,Disbursement payment,-483.27,RapidPay,-483.27
TR000671,MAT00333,LOC02,2025-10-15,Disbursement payment,-784.09,RapidPay,-1267.36
TR000672,MAT00333,LOC02,2025-11-12,Deposit,8185.12,RapidPay,6917.76
TR000673,MAT00333,LOC02,2025-11-05,Deposit,21336.93,CommBiz,28254.69
TR000674,MAT00333,LOC02,2025-07-02,Deposit,13629.33,CommBiz,41884.02
TR000675,MAT00334,LOC05,2025-04-20,Deposit,6572.03,Manual/LEAP,6572.03
TR000676,MAT00334,LOC05,2025-01-09,Transfer to office (billing),-5236.73,RapidPay,1335.3
TR000677,MAT00335,LOC01,2025-02-27,Disbursement payment,-3010.53,CommBiz,-3010.53
TR000678,MAT00335,LOC01,2025-09-02,Transfer to office (billing),-2457.39,CommBiz,-5467.92
TR000679,MAT00336,LOC05,2024-06-26,Deposit,11325.32,InfoTrack,11325.32
TR000680,MAT00336,LOC05,2024-06-22,Deposit,23920.8,Manual/LEAP,35246.12
TR000681,MAT00337,LOC01,2025-12-29,Disbursement payment,-416.31,CommBiz,-416.31
TR000682,MAT00337,LOC01,2025-12-12,Transfer to office (billing),-4685.61,CommBiz,-5101.92
TR000683,MAT00339,LOC01,2024-09-03,Disbursement payment,-596.48,Manual/LEAP,-596.48
TR000684,MAT00340,LOC03,2024-10-29,Deposit,5764.68,CommBiz,5764.68
TR000685,MAT00342,LOC02,2024-12-25,Deposit,14138.56,RapidPay,14138.56
TR000686,MAT00343,LOC01,2024-08-05,Deposit,7419.21,CommBiz,7419.21
TR000687,MAT00343,LOC01,2024-06-11,Deposit,16250.05,InfoTrack,23669.26
TR000688,MAT00343,LOC01,2024-08-21,Deposit,15661.6,InfoTrack,39330.86
TR000689,MAT00343,LOC01,2024-11-15,Deposit,8643.7,InfoTrack,47974.56
TR000690,MAT00343,LOC01,2024-07-26,Deposit,3840.1,CommBiz,51814.66
TR000691,MAT00344,LOC04,2024-03-26,Transfer to office (billing),-1477.67,InfoTrack,-1477.67
TR000692,MAT00345,LOC01,2024-12-05,Disbursement payment,-693.87,InfoTrack,-693.87
TR000693,MAT00345,LOC01,2024-07-19,Deposit,5350.62,CommBiz,4656.75
TR000694,MAT00345,LOC01,2024-08-25,Disbursement payment,-339.0,InfoTrack,4317.75
TR000695,MAT00346,LOC02,2025-12-13,Deposit,3252.04,CommBiz,3252.04
TR000696,MAT00347,LOC02,2024-07-29,Deposit,16849.59,CommBiz,16849.59
TR000697,MAT00347,LOC02,2024-08-22,Disbursement payment,-226.12,CommBiz,16623.47
TR000698,MAT00348,LOC01,2025-10-27,Disbursement payment,-216.77,CommBiz,-216.77
TR000699,MAT00349,LOC03,2024-03-18,Transfer to office (billing),-5794.39,InfoTrack,-5794.39
TR000700,MAT00351,LOC02,2025-04-24,Transfer to office (billing),-2310.97,InfoTrack,-2310.97
TR000701,MAT00351,LOC02,2025-04-25,Deposit,5471.73,CommBiz,3160.76
TR000702,MAT00352,LOC01,2024-06-08,Transfer to office (billing),-7889.53,CommBiz,-7889.53
TR000703,MAT00352,LOC01,2024-11-17,Deposit,26820.71,Manual/LEAP,18931.18
TR000704,MAT00353,LOC03,2024-10-22,Disbursement payment,-564.43,CommBiz,-564.43
TR000705,MAT00353,LOC03,2024-10-08,Deposit,12517.41,InfoTrack,11952.98
TR000706,MAT00353,LOC03,2024-11-06,Deposit,27069.5,CommBiz,39022.48
TR000707,MAT00353,LOC03,2024-09-19,Deposit,22481.56,InfoTrack,61504.04
TR000708,MAT00353,LOC03,2024-10-19,Transfer to office (billing),-10284.84,CommBiz,51219.2
TR000709,MAT00354,LOC02,2025-10-24,Disbursement payment,-261.15,RapidPay,-261.15
TR000710,MAT00355,LOC05,2025-03-06,Transfer to office (billing),-3416.17,Manual/LEAP,-3416.17
TR000711,MAT00355,LOC05,2025-07-08,Disbursement payment,-187.47,Manual/LEAP,-3603.64
TR000712,MAT00355,LOC05,2025-05-15,Deposit,3444.72,RapidPay,-158.92
TR000713,MAT00355,LOC05,2025-03-27,Disbursement payment,-273.18,Manual/LEAP,-432.1
TR000714,MAT00356,LOC01,2025-07-01,Disbursement payment,-436.05,RapidPay,-436.05
TR000715,MAT00357,LOC03,2024-05-04,Disbursement payment,-1160.92,InfoTrack,-1160.92
TR000716,MAT00359,LOC03,2025-08-15,Deposit,11264.99,Manual/LEAP,11264.99
TR000717,MAT00359,LOC03,2025-04-02,Transfer to office (billing),-1585.23,CommBiz,9679.76
TR000718,MAT00360,LOC03,2024-02-05,Disbursement payment,-184.18,CommBiz,-184.18
TR000719,MAT00360,LOC03,2024-01-20,Deposit,2927.05,CommBiz,2742.87
TR000720,MAT00360,LOC03,2024-02-03,Disbursement payment,-485.59,CommBiz,2257.28
TR000721,MAT00361,LOC04,2025-01-22,Disbursement payment,-982.96,Manual/LEAP,-982.96
TR000722,MAT00361,LOC04,2025-02-11,Transfer to office (billing),-5058.54,InfoTrack,-6041.5
TR000723,MAT00361,LOC04,2024-09-08,Deposit,2833.34,CommBiz,-3208.16
TR000724,MAT00361,LOC04,2025-01-17,Disbursement payment,-778.67,RapidPay,-3986.83
TR000725,MAT00362,LOC04,2025-02-01,Deposit,26270.84,RapidPay,26270.84
TR000726,MAT00362,LOC04,2025-01-31,Disbursement payment,-460.5,InfoTrack,25810.34
TR000727,MAT00362,LOC04,2025-05-17,Deposit,17478.1,InfoTrack,43288.44
TR000728,MAT00363,LOC05,2024-10-18,Deposit,1796.2,CommBiz,1796.2
TR000729,MAT00363,LOC05,2024-07-13,Disbursement payment,-744.62,InfoTrack,1051.58
TR000730,MAT00363,LOC05,2024-09-15,Deposit,16287.76,CommBiz,17339.34
TR000731,MAT00365,LOC05,2025-12-31,Deposit,32056.17,CommBiz,32056.17
TR000732,MAT00365,LOC05,2025-12-17,Disbursement payment,-420.11,CommBiz,31636.06
TR000733,MAT00365,LOC05,2025-12-06,Disbursement payment,-1554.44,Manual/LEAP,30081.62
TR000734,MAT00366,LOC05,2025-04-07,Deposit,24472.42,Manual/LEAP,24472.42
TR000735,MAT00366,LOC05,2024-09-03,Transfer to office (billing),-2318.46,CommBiz,22153.96
TR000736,MAT00366,LOC05,2025-02-25,Disbursement payment,-1435.01,RapidPay,20718.95
TR000737,MAT00367,LOC01,2025-06-02,Transfer to office (billing),-621.9,RapidPay,-621.9
TR000738,MAT00367,LOC01,2025-06-15,Deposit,10255.62,InfoTrack,9633.72
TR000739,MAT00367,LOC01,2025-03-29,Deposit,7371.83,Manual/LEAP,17005.55
TR000740,MAT00368,LOC04,2024-10-25,Deposit,4988.27,CommBiz,4988.27
TR000741,MAT00368,LOC04,2025-02-21,Disbursement payment,-288.03,CommBiz,4700.24
TR000742,MAT00368,LOC04,2024-08-23,Transfer to office (billing),-1758.0,CommBiz,2942.24
TR000743,MAT00369,LOC02,2025-01-11,Disbursement payment,-641.55,CommBiz,-641.55
TR000744,MAT00369,LOC02,2025-02-16,Disbursement payment,-229.62,InfoTrack,-871.17
TR000745,MAT00369,LOC02,2025-05-18,Deposit,7111.98,CommBiz,6240.81
TR000746,MAT00371,LOC02,2025-09-16,Disbursement payment,-1042.13,RapidPay,-1042.13
TR000747,MAT00371,LOC02,2025-12-20,Deposit,18338.32,CommBiz,17296.19
TR000748,MAT00371,LOC02,2025-09-10,Deposit,9284.34,Manual/LEAP,26580.53
TR000749,MAT00371,LOC02,2025-12-09,Disbursement payment,-215.4,Manual/LEAP,26365.13
TR000750,MAT00371,LOC02,2025-10-15,Disbursement payment,-881.1,Manual/LEAP,25484.03
TR000751,MAT00372,LOC05,2025-12-20,Disbursement payment,-350.31,CommBiz,-350.31
TR000752,MAT00372,LOC05,2025-10-13,Disbursement payment,-675.23,CommBiz,-1025.54
TR000753,MAT00374,LOC03,2025-06-29,Deposit,46882.86,CommBiz,46882.86
TR000754,MAT00374,LOC03,2025-04-23,Deposit,81283.46,Manual/LEAP,128166.32
TR000755,MAT00376,LOC03,2025-04-15,Deposit,15311.25,CommBiz,15311.25
TR000756,MAT00377,LOC03,2025-04-01,Disbursement payment,-1046.41,Manual/LEAP,-1046.41
TR000757,MAT00377,LOC03,2025-03-26,Deposit,5936.58,RapidPay,4890.17
TR000758,MAT00378,LOC05,2025-03-29,Transfer to office (billing),-7193.88,InfoTrack,-7193.88
TR000759,MAT00378,LOC05,2025-07-13,Transfer to office (billing),-2650.07,RapidPay,-9843.95
TR000760,MAT00378,LOC05,2025-05-21,Deposit,9460.03,RapidPay,-383.92
TR000761,MAT00379,LOC03,2024-06-19,Transfer to office (billing),-3882.42,CommBiz,-3882.42
TR000762,MAT00379,LOC03,2024-07-18,Deposit,28381.87,CommBiz,24499.45
TR000763,MAT00379,LOC03,2024-07-05,Deposit,6375.61,CommBiz,30875.06
TR000764,MAT00380,LOC01,2024-07-08,Disbursement payment,-949.1,CommBiz,-949.1
TR000765,MAT00380,LOC01,2024-06-22,Deposit,7092.86,InfoTrack,6143.76
TR000766,MAT00381,LOC01,2025-11-30,Disbursement payment,-783.19,Manual/LEAP,-783.19
TR000767,MAT00381,LOC01,2025-11-23,Deposit,13320.98,CommBiz,12537.79
TR000768,MAT00381,LOC01,2025-12-19,Transfer to office (billing),-1282.76,CommBiz,11255.03
TR000769,MAT00381,LOC01,2025-12-16,Transfer to office (billing),-1604.63,Manual/LEAP,9650.4
TR000770,MAT00382,LOC04,2025-07-08,Deposit,3990.13,Manual/LEAP,3990.13
TR000771,MAT00383,LOC03,2025-04-12,Deposit,11804.91,CommBiz,11804.91
TR000772,MAT00384,LOC01,2024-12-26,Deposit,19988.93,InfoTrack,19988.93
TR000773,MAT00384,LOC01,2024-08-05,Deposit,6567.7,CommBiz,26556.63
TR000774,MAT00385,LOC01,2025-08-13,Deposit,4159.81,InfoTrack,4159.81
TR000775,MAT00385,LOC01,2025-03-28,Transfer to office (billing),-1953.04,CommBiz,2206.77
TR000776,MAT00385,LOC01,2025-06-18,Transfer to office (billing),-2629.72,RapidPay,-422.95
TR000777,MAT00386,LOC01,2024-10-27,Deposit,7129.26,RapidPay,7129.26
TR000778,MAT00386,LOC01,2024-09-22,Deposit,3348.03,RapidPay,10477.29
TR000779,MAT00387,LOC01,2025-12-18,Deposit,6393.78,InfoTrack,6393.78
TR000780,MAT00387,LOC01,2025-12-23,Disbursement payment,-902.12,Manual/LEAP,5491.66
TR000781,MAT00387,LOC01,2025-12-03,Deposit,8341.15,RapidPay,13832.81
TR000782,MAT00387,LOC01,2025-12-06,Deposit,4190.07,CommBiz,18022.88
TR000783,MAT00387,LOC01,2025-12-03,Disbursement payment,-271.16,CommBiz,17751.72
TR000784,MAT00388,LOC01,2025-11-03,Deposit,15283.37,Manual/LEAP,15283.37
TR000785,MAT00388,LOC01,2025-10-22,Disbursement payment,-307.15,CommBiz,14976.22
TR000786,MAT00389,LOC04,2025-12-04,Deposit,26161.69,CommBiz,26161.69
TR000787,MAT00389,LOC04,2025-05-19,Deposit,3909.37,Manual/LEAP,30071.06
TR000788,MAT00389,LOC04,2025-11-01,Disbursement payment,-475.23,CommBiz,29595.83
TR000789,MAT00390,LOC05,2025-08-23,Disbursement payment,-1088.72,CommBiz,-1088.72
TR000790,MAT00390,LOC05,2025-07-23,Deposit,12045.54,InfoTrack,10956.82
TR000791,MAT00390,LOC05,2025-08-22,Disbursement payment,-294.89,Manual/LEAP,10661.93
TR000792,MAT00390,LOC05,2025-11-11,Deposit,6786.68,RapidPay,17448.61
TR000793,MAT00390,LOC05,2025-01-28,Deposit,5924.23,Manual/LEAP,23372.84
TR000794,MAT00391,LOC01,2025-12-07,Deposit,11858.41,InfoTrack,11858.41
TR000795,MAT00391,LOC01,2025-11-24,Disbursement payment,-409.55,Manual/LEAP,11448.86
TR000796,MAT00392,LOC01,2024-05-29,Disbursement payment,-569.88,RapidPay,-569.88
TR000797,MAT00394,LOC03,2025-12-02,Deposit,6825.72,RapidPay,6825.72
TR000798,MAT00394,LOC03,2025-11-23,Transfer to office (billing),-1686.79,InfoTrack,5138.93
TR000799,MAT00394,LOC03,2025-11-29,Disbursement payment,-604.94,CommBiz,4533.99
TR000800,MAT00395,LOC02,2024-09-14,Deposit,2274.84,Manual/LEAP,2274.84
TR000801,MAT00397,LOC04,2024-11-08,Deposit,6661.17,InfoTrack,6661.17
TR000802,MAT00398,LOC01,2024-06-15,Disbursement payment,-766.18,CommBiz,-766.18
TR000803,MAT00398,LOC01,2024-03-11,Disbursement payment,-580.65,RapidPay,-1346.83
TR000804,MAT00398,LOC01,2024-08-17,Disbursement payment,-85.8,Manual/LEAP,-1432.63
TR000805,MAT00399,LOC01,2025-12-18,Disbursement payment,-1910.71,InfoTrack,-1910.71
TR000806,MAT00399,LOC01,2025-12-04,Deposit,3920.3,InfoTrack,2009.59
TR000807,MAT00400,LOC04,2025-11-01,Transfer to office (billing),-1960.47,CommBiz,-1960.47
TR000808,MAT00400,LOC04,2025-08-20,Deposit,20645.12,CommBiz,18684.65
TR000809,MAT00402,LOC01,2024-06-29,Deposit,3425.62,InfoTrack,3425.62
TR000810,MAT00403,LOC05,2025-11-25,Deposit,11960.53,CommBiz,11960.53
TR000811,MAT00404,LOC03,2024-07-10,Deposit,11762.61,CommBiz,11762.61
TR000812,MAT00404,LOC03,2024-03-19,Transfer to office (billing),-2291.78,Manual/LEAP,9470.83
TR000813,MAT00404,LOC03,2024-03-22,Deposit,3928.52,CommBiz,13399.35
TR000814,MAT00404,LOC03,2024-03-26,Disbursement payment,-227.19,RapidPay,13172.16
TR000815,MAT00405,LOC01,2024-11-06,Disbursement payment,-459.41,CommBiz,-459.41
TR000816,MAT00405,LOC01,2024-11-30,Transfer to office (billing),-1873.6,CommBiz,-2333.01
TR000817,MAT00405,LOC01,2024-10-17,Deposit,12752.75,Manual/LEAP,10419.74
TR000818,MAT00406,LOC02,2024-11-06,Deposit,4388.39,Manual/LEAP,4388.39
TR000819,MAT00407,LOC04,2025-10-10,Deposit,2185.23,RapidPay,2185.23
TR000820,MAT00407,LOC04,2025-10-01,Transfer to office (billing),-1516.51,InfoTrack,668.72
TR000821,MAT00407,LOC04,2025-10-03,Transfer to office (billing),-4695.43,InfoTrack,-4026.71
TR000822,MAT00409,LOC01,2025-09-22,Deposit,7604.83,Manual/LEAP,7604.83
TR000823,MAT00409,LOC01,2025-05-10,Transfer to office (billing),-1560.75,CommBiz,6044.08
TR000824,MAT00409,LOC01,2025-11-15,Deposit,1467.42,CommBiz,7511.5
TR000825,MAT00410,LOC01,2024-10-28,Disbursement payment,-674.65,CommBiz,-674.65
TR000826,MAT00411,LOC03,2025-07-10,Disbursement payment,-320.9,CommBiz,-320.9
TR000827,MAT00411,LOC03,2025-09-30,Transfer to office (billing),-784.78,Manual/LEAP,-1105.68
TR000828,MAT00411,LOC03,2025-04-22,Transfer to office (billing),-3967.42,InfoTrack,-5073.1
TR000829,MAT00411,LOC03,2025-07-13,Deposit,15468.45,Manual/LEAP,10395.35
TR000830,MAT00413,LOC03,2025-01-18,Disbursement payment,-525.79,Manual/LEAP,-525.79
TR000831,MAT00413,LOC03,2025-07-09,Disbursement payment,-590.29,CommBiz,-1116.08
TR000832,MAT00413,LOC03,2025-10-14,Disbursement payment,-209.13,InfoTrack,-1325.21
TR000833,MAT00413,LOC03,2025-11-24,Deposit,7211.13,Manual/LEAP,5885.92
TR000834,MAT00413,LOC03,2025-05-08,Disbursement payment,-2112.4,Manual/LEAP,3773.52
TR000835,MAT00414,LOC01,2025-09-21,Disbursement payment,-1576.67,CommBiz,-1576.67
TR000836,MAT00415,LOC01,2024-07-30,Deposit,4433.34,Manual/LEAP,4433.34
TR000837,MAT00415,LOC01,2024-06-28,Deposit,3716.28,RapidPay,8149.62
TR000838,MAT00416,LOC01,2025-10-28,Transfer to office (billing),-5158.78,CommBiz,-5158.78
TR000839,MAT00416,LOC01,2025-10-30,Disbursement payment,-274.62,RapidPay,-5433.4
TR000840,MAT00416,LOC01,2025-06-16,Deposit,6446.65,Manual/LEAP,1013.25
TR000841,MAT00418,LOC05,2025-11-17,Disbursement payment,-637.81,CommBiz,-637.81
TR000842,MAT00418,LOC05,2025-11-20,Deposit,16890.18,InfoTrack,16252.37
TR000843,MAT00419,LOC03,2025-11-19,Deposit,11066.18,CommBiz,11066.18
TR000844,MAT00419,LOC03,2025-08-31,Disbursement payment,-1250.22,InfoTrack,9815.96
TR000845,MAT00421,LOC02,2024-06-16,Disbursement payment,-401.57,Manual/LEAP,-401.57
TR000846,MAT00422,LOC03,2024-04-08,Transfer to office (billing),-2720.36,RapidPay,-2720.36
TR000847,MAT00422,LOC03,2024-04-20,Deposit,7423.44,RapidPay,4703.08
TR000848,MAT00422,LOC03,2024-04-18,Transfer to office (billing),-1928.79,Manual/LEAP,2774.29
TR000849,MAT00423,LOC01,2024-11-04,Disbursement payment,-562.16,CommBiz,-562.16
TR000850,MAT00423,LOC01,2024-12-31,Transfer to office (billing),-1144.88,Manual/LEAP,-1707.04
TR000851,MAT00424,LOC04,2024-09-12,Disbursement payment,-535.69,CommBiz,-535.69
TR000852,MAT00424,LOC04,2024-09-15,Transfer to office (billing),-833.53,InfoTrack,-1369.22
TR000853,MAT00424,LOC04,2024-09-13,Deposit,7799.15,RapidPay,6429.93
TR000854,MAT00424,LOC04,2024-06-15,Deposit,2238.2,RapidPay,8668.13
TR000855,MAT00424,LOC04,2024-05-26,Transfer to office (billing),-4367.89,RapidPay,4300.24
TR000856,MAT00425,LOC03,2024-08-20,Disbursement payment,-1434.2,InfoTrack,-1434.2
TR000857,MAT00425,LOC03,2024-05-19,Deposit,7182.81,CommBiz,5748.61
TR000858,MAT00426,LOC05,2024-09-01,Deposit,10554.24,RapidPay,10554.24
TR000859,MAT00426,LOC05,2024-08-25,Deposit,22989.79,CommBiz,33544.03
TR000860,MAT00427,LOC03,2025-02-02,Disbursement payment,-2630.67,InfoTrack,-2630.67
TR000861,MAT00427,LOC03,2024-09-13,Deposit,2839.26,Manual/LEAP,208.59
TR000862,MAT00427,LOC03,2024-10-25,Deposit,71803.82,CommBiz,72012.41
TR000863,MAT00427,LOC03,2024-09-15,Deposit,7064.71,InfoTrack,79077.12
TR000864,MAT00428,LOC03,2024-08-14,Disbursement payment,-415.87,CommBiz,-415.87
TR000865,MAT00429,LOC01,2024-03-07,Transfer to office (billing),-2131.79,InfoTrack,-2131.79
TR000866,MAT00429,LOC01,2024-02-16,Deposit,13088.62,RapidPay,10956.83
TR000867,MAT00429,LOC01,2024-03-23,Disbursement payment,-1214.99,Manual/LEAP,9741.84
TR000868,MAT00429,LOC01,2024-03-05,Disbursement payment,-453.81,InfoTrack,9288.03
TR000869,MAT00430,LOC03,2025-11-21,Transfer to office (billing),-1503.13,CommBiz,-1503.13
TR000870,MAT00430,LOC03,2025-12-02,Transfer to office (billing),-1017.52,RapidPay,-2520.65
TR000871,MAT00430,LOC03,2025-11-22,Deposit,11945.07,CommBiz,9424.42
TR000872,MAT00431,LOC02,2025-08-08,Deposit,11127.29,CommBiz,11127.29
TR000873,MAT00431,LOC02,2025-08-25,Deposit,7543.45,CommBiz,18670.74
TR000874,MAT00431,LOC02,2025-10-06,Deposit,17324.47,InfoTrack,35995.21
TR000875,MAT00432,LOC03,2024-10-22,Deposit,17705.72,Manual/LEAP,17705.72
TR000876,MAT00432,LOC03,2024-05-21,Disbursement payment,-305.51,CommBiz,17400.21
TR000877,MAT00432,LOC03,2024-10-17,Deposit,18074.81,InfoTrack,35475.02
TR000878,MAT00432,LOC03,2025-04-12,Deposit,7852.76,CommBiz,43327.78
TR000879,MAT00433,LOC03,2024-08-23,Transfer to office (billing),-1925.1,Manual/LEAP,-1925.1
TR000880,MAT00434,LOC02,2025-08-03,Deposit,14706.45,RapidPay,14706.45
TR000881,MAT00434,LOC02,2025-10-16,Deposit,7208.06,InfoTrack,21914.51
TR000882,MAT00436,LOC04,2024-11-09,Transfer to office (billing),-2324.29,CommBiz,-2324.29
TR000883,MAT00437,LOC01,2025-11-22,Transfer to office (billing),-965.85,RapidPay,-965.85
TR000884,MAT00437,LOC01,2025-11-18,Disbursement payment,-542.39,CommBiz,-1508.24
TR000885,MAT00437,LOC01,2025-11-23,Transfer to office (billing),-2079.84,CommBiz,-3588.08
TR000886,MAT00438,LOC01,2025-10-04,Disbursement payment,-667.54,RapidPay,-667.54
TR000887,MAT00438,LOC01,2025-09-29,Disbursement payment,-521.94,Manual/LEAP,-1189.48
TR000888,MAT00438,LOC01,2025-09-02,Disbursement payment,-490.19,RapidPay,-1679.67
TR000889,MAT00438,LOC01,2025-11-14,Deposit,28488.8,CommBiz,26809.13
TR000890,MAT00438,LOC01,2025-09-02,Disbursement payment,-805.71,Manual/LEAP,26003.42
TR000891,MAT00439,LOC05,2024-05-23,Transfer to office (billing),-1488.88,CommBiz,-1488.88
TR000892,MAT00439,LOC05,2024-06-06,Disbursement payment,-1997.35,CommBiz,-3486.23
TR000893,MAT00440,LOC03,2024-06-04,Disbursement payment,-195.68,Manual/LEAP,-195.68
TR000894,MAT00440,LOC03,2024-07-09,Deposit,12622.55,RapidPay,12426.87
TR000895,MAT00441,LOC01,2024-01-17,Deposit,8295.99,CommBiz,8295.99
TR000896,MAT00441,LOC01,2024-02-08,Disbursement payment,-404.59,Manual/LEAP,7891.4
TR000897,MAT00441,LOC01,2024-01-24,Disbursement payment,-1571.64,CommBiz,6319.76
TR000898,MAT00441,LOC01,2024-02-29,Deposit,36312.74,Manual/LEAP,42632.5
TR000899,MAT00442,LOC02,2025-10-27,Disbursement payment,-409.73,CommBiz,-409.73
TR000900,MAT00442,LOC02,2025-12-14,Disbursement payment,-8763.93,RapidPay,-9173.66
TR000901,MAT00442,LOC02,2025-11-14,Deposit,6111.82,InfoTrack,-3061.84
TR000902,MAT00444,LOC01,2025-04-17,Deposit,7452.88,CommBiz,7452.88
TR000903,MAT00444,LOC01,2025-04-28,Deposit,9612.72,InfoTrack,17065.6
TR000904,MAT00444,LOC01,2025-04-30,Transfer to office (billing),-1521.66,CommBiz,15543.94
TR000905,MAT00445,LOC02,2024-01-05,Deposit,13620.77,CommBiz,13620.77
TR000906,MAT00445,LOC02,2024-01-30,Deposit,18500.51,InfoTrack,32121.28
TR000907,MAT00445,LOC02,2024-01-18,Disbursement payment,-441.98,Manual/LEAP,31679.3
TR000908,MAT00446,LOC04,2024-12-23,Deposit,8636.59,InfoTrack,8636.59
TR000909,MAT00446,LOC04,2025-01-23,Deposit,5461.58,CommBiz,14098.17
TR000910,MAT00446,LOC04,2025-02-02,Deposit,16680.39,Manual/LEAP,30778.56
TR000911,MAT00447,LOC01,2024-05-29,Transfer to office (billing),-1218.92,InfoTrack,-1218.92
TR000912,MAT00448,LOC02,2025-04-17,Disbursement payment,-217.7,Manual/LEAP,-217.7
TR000913,MAT00448,LOC02,2024-11-20,Deposit,1907.79,Manual/LEAP,1690.09
TR000914,MAT00448,LOC02,2024-11-17,Transfer to office (billing),-2142.0,CommBiz,-451.91
TR000915,MAT00449,LOC02,2024-04-24,Deposit,6602.01,CommBiz,6602.01
TR000916,MAT00449,LOC02,2024-04-21,Disbursement payment,-2220.34,CommBiz,4381.67
TR000917,MAT00449,LOC02,2024-04-19,Deposit,5969.75,CommBiz,10351.42
TR000918,MAT00449,LOC02,2024-03-22,Deposit,12058.6,CommBiz,22410.02
TR000919,MAT00449,LOC02,2024-04-13,Deposit,1439.47,CommBiz,23849.49
TR000920,MAT00450,LOC03,2025-03-28,Deposit,3265.32,InfoTrack,3265.32
TR000921,MAT00451,LOC01,2024-07-18,Deposit,20170.2,RapidPay,20170.2
TR000922,MAT00451,LOC01,2024-09-24,Deposit,10076.9,RapidPay,30247.1
TR000923,MAT00451,LOC01,2024-10-12,Deposit,9476.85,InfoTrack,39723.95
TR000924,MAT00452,LOC01,2025-01-20,Transfer to office (billing),-1377.68,Manual/LEAP,-1377.68
TR000925,MAT00452,LOC01,2025-02-02,Deposit,7890.05,CommBiz,6512.37
TR000926,MAT00452,LOC01,2025-01-24,Transfer to office (billing),-2827.97,CommBiz,3684.4
TR000927,MAT00452,LOC01,2024-12-30,Disbursement payment,-548.23,Manual/LEAP,3136.17
TR000928,MAT00453,LOC05,2024-06-23,Transfer to office (billing),-11282.18,CommBiz,-11282.18
TR000929,MAT00453,LOC05,2024-05-21,Disbursement payment,-877.74,RapidPay,-12159.92
TR000930,MAT00453,LOC05,2024-06-30,Disbursement payment,-551.18,Manual/LEAP,-12711.1
TR000931,MAT00453,LOC05,2024-02-15,Transfer to office (billing),-2138.81,RapidPay,-14849.91
TR000932,MAT00454,LOC02,2025-09-14,Transfer to office (billing),-1857.03,Manual/LEAP,-1857.03
TR000933,MAT00454,LOC02,2025-10-21,Deposit,18399.29,Manual/LEAP,16542.26
TR000934,MAT00455,LOC02,2024-04-14,Transfer to office (billing),-3547.03,Manual/LEAP,-3547.03
TR000935,MAT00455,LOC02,2024-04-06,Deposit,4409.05,CommBiz,862.02
TR000936,MAT00455,LOC02,2024-03-13,Deposit,3090.95,CommBiz,3952.97
TR000937,MAT00455,LOC02,2024-03-22,Transfer to office (billing),-1145.55,Manual/LEAP,2807.42
TR000938,MAT00456,LOC05,2025-03-29,Deposit,11272.36,InfoTrack,11272.36
TR000939,MAT00456,LOC05,2025-05-01,Transfer to office (billing),-1673.03,RapidPay,9599.33
TR000940,MAT00456,LOC05,2025-06-03,Transfer to office (billing),-1310.6,InfoTrack,8288.73
TR000941,MAT00457,LOC03,2025-08-30,Deposit,16269.31,InfoTrack,16269.31
TR000942,MAT00459,LOC01,2024-09-20,Disbursement payment,-1139.71,CommBiz,-1139.71
TR000943,MAT00459,LOC01,2024-09-23,Transfer to office (billing),-1883.29,CommBiz,-3023.0
TR000944,MAT00459,LOC01,2024-10-31,Deposit,11930.11,Manual/LEAP,8907.11
TR000945,MAT00459,LOC01,2024-10-06,Disbursement payment,-232.85,CommBiz,8674.26
TR000946,MAT00461,LOC01,2024-02-09,Deposit,1525.03,RapidPay,1525.03
TR000947,MAT00461,LOC01,2024-01-30,Disbursement payment,-1386.39,Manual/LEAP,138.64
TR000948,MAT00461,LOC01,2024-02-04,Deposit,2840.85,RapidPay,2979.49
TR000949,MAT00463,LOC05,2024-10-23,Deposit,35694.32,Manual/LEAP,35694.32
TR000950,MAT00464,LOC01,2024-12-26,Disbursement payment,-763.57,InfoTrack,-763.57
TR000951,MAT00464,LOC01,2025-03-10,Disbursement payment,-275.58,RapidPay,-1039.15
TR000952,MAT00465,LOC05,2025-05-28,Deposit,3428.87,Manual/LEAP,3428.87
TR000953,MAT00465,LOC05,2025-09-01,Disbursement payment,-354.53,RapidPay,3074.34
TR000954,MAT00465,LOC05,2025-09-10,Transfer to office (billing),-2171.06,CommBiz,903.28
TR000955,MAT00466,LOC03,2024-12-12,Deposit,13340.53,RapidPay,13340.53
TR000956,MAT00466,LOC03,2024-12-10,Disbursement payment,-347.17,RapidPay,12993.36
TR000957,MAT00466,LOC03,2025-01-04,Disbursement payment,-698.39,CommBiz,12294.97
TR000958,MAT00467,LOC03,2025-05-09,Transfer to office (billing),-1686.26,InfoTrack,-1686.26
TR000959,MAT00467,LOC03,2025-08-16,Deposit,12520.04,CommBiz,10833.78
TR000960,MAT00467,LOC03,2025-05-14,Transfer to office (billing),-1705.57,RapidPay,9128.21
TR000961,MAT00468,LOC04,2025-11-23,Deposit,14146.68,CommBiz,14146.68
TR000962,MAT00468,LOC04,2025-11-17,Transfer to office (billing),-1779.84,Manual/LEAP,12366.84
TR000963,MAT00468,LOC04,2025-12-04,Disbursement payment,-367.11,Manual/LEAP,11999.73
TR000964,MAT00470,LOC01,2024-04-14,Deposit,3677.89,InfoTrack,3677.89
TR000965,MAT00470,LOC01,2024-04-23,Deposit,7233.62,Manual/LEAP,10911.51
TR000966,MAT00470,LOC01,2024-10-07,Disbursement payment,-453.79,CommBiz,10457.72
TR000967,MAT00471,LOC01,2025-12-07,Transfer to office (billing),-9525.88,CommBiz,-9525.88
TR000968,MAT00471,LOC01,2025-12-23,Disbursement payment,-174.17,CommBiz,-9700.05
TR000969,MAT00472,LOC03,2024-04-08,Deposit,4692.32,InfoTrack,4692.32
TR000970,MAT00472,LOC03,2024-06-17,Deposit,5561.97,CommBiz,10254.29
TR000971,MAT00472,LOC03,2024-04-22,Disbursement payment,-1591.02,RapidPay,8663.27
TR000972,MAT00472,LOC03,2024-04-23,Disbursement payment,-876.44,Manual/LEAP,7786.83
TR000973,MAT00472,LOC03,2024-03-13,Deposit,11731.49,RapidPay,19518.32
TR000974,MAT00473,LOC01,2025-09-03,Disbursement payment,-209.3,CommBiz,-209.3
TR000975,MAT00473,LOC01,2025-08-30,Deposit,6066.09,CommBiz,5856.79
TR000976,MAT00473,LOC01,2025-11-21,Disbursement payment,-653.39,CommBiz,5203.4
TR000977,MAT00474,LOC02,2024-03-25,Deposit,7348.66,RapidPay,7348.66
TR000978,MAT00474,LOC02,2024-07-25,Disbursement payment,-567.69,InfoTrack,6780.97
TR000979,MAT00475,LOC04,2025-12-30,Transfer to office (billing),-1267.09,CommBiz,-1267.09
TR000980,MAT00476,LOC03,2024-04-20,Deposit,12552.13,CommBiz,12552.13
TR000981,MAT00476,LOC03,2024-04-08,Deposit,11187.98,InfoTrack,23740.11
TR000982,MAT00478,LOC02,2024-02-14,Deposit,7391.6,Manual/LEAP,7391.6
TR000983,MAT00478,LOC02,2024-02-07,Disbursement payment,-983.67,CommBiz,6407.93
TR000984,MAT00478,LOC02,2024-02-07,Transfer to office (billing),-2451.41,RapidPay,3956.52
TR000985,MAT00479,LOC01,2025-11-09,Deposit,7701.64,InfoTrack,7701.64
TR000986,MAT00479,LOC01,2025-11-23,Deposit,8936.36,Manual/LEAP,16638.0
TR000987,MAT00479,LOC01,2025-11-07,Deposit,10113.31,InfoTrack,26751.31
TR000988,MAT00479,LOC01,2025-11-04,Disbursement payment,-3402.94,CommBiz,23348.37
TR000989,MAT00480,LOC03,2025-10-11,Transfer to office (billing),-2981.44,InfoTrack,-2981.44
TR000990,MAT00480,LOC03,2025-12-15,Deposit,18978.85,CommBiz,15997.41
TR000991,MAT00480,LOC03,2025-08-05,Transfer to office (billing),-2590.11,RapidPay,13407.3
TR000992,MAT00482,LOC04,2025-09-06,Deposit,10758.06,CommBiz,10758.06
TR000993,MAT00482,LOC04,2025-12-05,Transfer to office (billing),-1465.89,Manual/LEAP,9292.17
TR000994,MAT00482,LOC04,2025-11-01,Disbursement payment,-1667.97,CommBiz,7624.2
TR000995,MAT00484,LOC01,2025-08-04,Disbursement payment,-1208.19,Manual/LEAP,-1208.19
TR000996,MAT00485,LOC03,2025-12-13,Disbursement payment,-1416.52,Manual/LEAP,-1416.52
TR000997,MAT00485,LOC03,2025-05-17,Deposit,8887.22,InfoTrack,7470.7
TR000998,MAT00485,LOC03,2025-03-27,Transfer to office (billing),-2758.38,CommBiz,4712.32
TR000999,MAT00485,LOC03,2025-03-29,Deposit,7391.67,InfoTrack,12103.99
TR001000,MAT00485,LOC03,2025-12-02,Deposit,5814.68,RapidPay,17918.67
TR001001,MAT00486,LOC05,2025-05-11,Deposit,5622.45,Manual/LEAP,5622.45
TR001002,MAT00486,LOC05,2025-06-18,Transfer to office (billing),-1358.2,Manual/LEAP,4264.25
TR001003,MAT00486,LOC05,2025-02-17,Deposit,15026.02,CommBiz,19290.27
TR001004,MAT00490,LOC05,2025-04-07,Deposit,5204.82,Manual/LEAP,5204.82
TR001005,MAT00490,LOC05,2025-01-08,Deposit,6089.52,CommBiz,11294.34
TR001006,MAT00491,LOC01,2024-05-27,Disbursement payment,-1847.48,CommBiz,-1847.48
TR001007,MAT00491,LOC01,2024-06-15,Transfer to office (billing),-1668.73,InfoTrack,-3516.21
TR001008,MAT00491,LOC01,2024-05-11,Transfer to office (billing),-5582.17,InfoTrack,-9098.38
TR001009,MAT00491,LOC01,2024-07-25,Deposit,3079.69,CommBiz,-6018.69
TR001010,MAT00492,LOC02,2025-12-27,Disbursement payment,-634.38,CommBiz,-634.38
TR001011,MAT00493,LOC04,2025-06-11,Disbursement payment,-370.07,CommBiz,-370.07
TR001012,MAT00493,LOC04,2025-07-16,Disbursement payment,-568.26,RapidPay,-938.33
TR001013,MAT00493,LOC04,2025-06-28,Deposit,12456.37,RapidPay,11518.04
TR001014,MAT00494,LOC03,2025-12-27,Deposit,135683.04,RapidPay,135683.04
TR001015,MAT00495,LOC02,2024-07-17,Disbursement payment,-399.42,InfoTrack,-399.42
TR001016,MAT00495,LOC02,2024-07-22,Deposit,28130.54,InfoTrack,27731.12
TR001017,MAT00496,LOC04,2025-01-30,Deposit,20664.19,InfoTrack,20664.19
TR001018,MAT00497,LOC03,2025-12-15,Disbursement payment,-1511.03,CommBiz,-1511.03
TR001019,MAT00500,LOC01,2025-10-15,Deposit,5647.55,CommBiz,5647.55
TR001020,MAT00500,LOC01,2025-11-04,Deposit,5838.18,Manual/LEAP,11485.73
TR001021,MAT00500,LOC01,2025-03-15,Deposit,13748.55,CommBiz,25234.28
TR001022,MAT00501,LOC02,2024-12-09,Deposit,4644.44,Manual/LEAP,4644.44
TR001023,MAT00501,LOC02,2025-03-14,Deposit,19458.17,RapidPay,24102.61
TR001024,MAT00501,LOC02,2025-04-03,Disbursement payment,-346.12,InfoTrack,23756.49
TR001025,MAT00502,LOC04,2025-12-30,Disbursement payment,-1114.08,InfoTrack,-1114.08
TR001026,MAT00502,LOC04,2025-12-01,Transfer to office (billing),-3661.66,RapidPay,-4775.74
TR001027,MAT00502,LOC04,2025-12-12,Deposit,17000.65,InfoTrack,12224.91
TR001028,MAT00503,LOC02,2024-07-11,Transfer to office (billing),-2268.68,InfoTrack,-2268.68
TR001029,MAT00503,LOC02,2024-03-16,Deposit,11055.91,CommBiz,8787.23
TR001030,MAT00503,LOC02,2024-05-27,Transfer to office (billing),-1569.58,CommBiz,7217.65
TR001031,MAT00503,LOC02,2024-07-07,Disbursement payment,-294.45,InfoTrack,6923.2
TR001032,MAT00504,LOC01,2024-01-31,Transfer to office (billing),-3308.55,CommBiz,-3308.55
TR001033,MAT00504,LOC01,2024-06-25,Disbursement payment,-263.77,RapidPay,-3572.32
TR001034,MAT00504,LOC01,2024-08-14,Transfer to office (billing),-4658.09,InfoTrack,-8230.41
TR001035,MAT00504,LOC01,2024-05-17,Deposit,6074.86,RapidPay,-2155.55
TR001036,MAT00504,LOC01,2024-03-26,Deposit,6448.36,InfoTrack,4292.81
TR001037,MAT00505,LOC03,2024-08-04,Disbursement payment,-385.37,RapidPay,-385.37
TR001038,MAT00505,LOC03,2024-05-29,Disbursement payment,-800.95,CommBiz,-1186.32
TR001039,MAT00506,LOC03,2024-12-22,Deposit,7423.53,Manual/LEAP,7423.53
TR001040,MAT00507,LOC04,2025-09-21,Deposit,12868.54,InfoTrack,12868.54
TR001041,MAT00508,LOC02,2024-05-26,Deposit,12005.82,CommBiz,12005.82
TR001042,MAT00508,LOC02,2024-06-12,Disbursement payment,-401.47,InfoTrack,11604.35
TR001043,MAT00508,LOC02,2024-07-05,Disbursement payment,-693.05,CommBiz,10911.3
TR001044,MAT00509,LOC03,2025-03-23,Transfer to office (billing),-1492.7,Manual/LEAP,-1492.7
TR001045,MAT00509,LOC03,2025-03-02,Deposit,3690.31,Manual/LEAP,2197.61
TR001046,MAT00509,LOC03,2025-03-24,Disbursement payment,-665.42,InfoTrack,1532.19
TR001047,MAT00509,LOC03,2025-03-23,Deposit,4009.96,Manual/LEAP,5542.15
TR001048,MAT00509,LOC03,2025-03-17,Transfer to office (billing),-1261.42,CommBiz,4280.73
TR001049,MAT00510,LOC03,2025-05-19,Transfer to office (billing),-1683.31,Manual/LEAP,-1683.31
TR001050,MAT00510,LOC03,2025-05-20,Deposit,15278.58,InfoTrack,13595.27
TR001051,MAT00510,LOC03,2025-05-26,Transfer to office (billing),-1630.13,CommBiz,11965.14
TR001052,MAT00510,LOC03,2025-05-19,Deposit,7568.72,InfoTrack,19533.86
TR001053,MAT00510,LOC03,2025-06-01,Disbursement payment,-524.83,InfoTrack,19009.03
TR001054,MAT00511,LOC04,2024-08-19,Deposit,9310.07,CommBiz,9310.07
TR001055,MAT00511,LOC04,2024-11-12,Deposit,10713.04,Manual/LEAP,20023.11
TR001056,MAT00511,LOC04,2024-10-17,Deposit,9480.94,CommBiz,29504.05
TR001057,MAT00512,LOC03,2025-07-30,Transfer to office (billing),-5352.75,CommBiz,-5352.75
TR001058,MAT00513,LOC02,2024-06-27,Deposit,5603.1,Manual/LEAP,5603.1
TR001059,MAT00513,LOC02,2024-09-01,Transfer to office (billing),-2679.06,RapidPay,2924.04
TR001060,MAT00513,LOC02,2024-06-06,Disbursement payment,-828.44,Manual/LEAP,2095.6
TR001061,MAT00513,LOC02,2024-08-27,Disbursement payment,-641.23,CommBiz,1454.37
TR001062,MAT00515,LOC04,2024-09-25,Deposit,3548.73,Manual/LEAP,3548.73
TR001063,MAT00515,LOC04,2024-09-21,Deposit,11346.31,CommBiz,14895.04
TR001064,MAT00516,LOC01,2025-09-13,Disbursement payment,-1643.77,CommBiz,-1643.77
TR001065,MAT00516,LOC01,2025-10-01,Deposit,13338.0,Manual/LEAP,11694.23
TR001066,MAT00517,LOC03,2025-07-23,Disbursement payment,-493.22,Manual/LEAP,-493.22
TR001067,MAT00517,LOC03,2025-07-11,Deposit,14596.09,InfoTrack,14102.87
TR001068,MAT00517,LOC03,2025-07-02,Transfer to office (billing),-3233.61,Manual/LEAP,10869.26
TR001069,MAT00517,LOC03,2025-06-25,Disbursement payment,-476.06,CommBiz,10393.2
TR001070,MAT00517,LOC03,2025-06-22,Disbursement payment,-627.48,CommBiz,9765.72
TR001071,MAT00518,LOC01,2025-06-02,Deposit,17648.57,InfoTrack,17648.57
TR001072,MAT00518,LOC01,2025-05-25,Deposit,10099.25,CommBiz,27747.82
TR001073,MAT00518,LOC01,2025-03-31,Transfer to office (billing),-3557.65,RapidPay,24190.17
TR001074,MAT00518,LOC01,2025-06-11,Disbursement payment,-236.18,CommBiz,23953.99
TR001075,MAT00518,LOC01,2025-03-06,Transfer to office (billing),-1695.44,RapidPay,22258.55
TR001076,MAT00519,LOC02,2024-07-20,Disbursement payment,-3335.32,Manual/LEAP,-3335.32
TR001077,MAT00519,LOC02,2024-07-30,Deposit,7328.47,Manual/LEAP,3993.15
TR001078,MAT00521,LOC03,2025-09-01,Disbursement payment,-550.58,InfoTrack,-550.58
TR001079,MAT00521,LOC03,2025-11-12,Deposit,4710.28,Manual/LEAP,4159.7
TR001080,MAT00521,LOC03,2025-07-27,Deposit,38815.08,Manual/LEAP,42974.78
TR001081,MAT00522,LOC03,2025-11-30,Deposit,18335.29,CommBiz,18335.29
TR001082,MAT00522,LOC03,2025-09-12,Deposit,23207.74,CommBiz,41543.03
TR001083,MAT00523,LOC02,2025-10-11,Disbursement payment,-416.15,InfoTrack,-416.15
TR001084,MAT00523,LOC02,2025-11-19,Disbursement payment,-836.7,InfoTrack,-1252.85
TR001085,MAT00524,LOC03,2025-04-29,Disbursement payment,-509.26,InfoTrack,-509.26
TR001086,MAT00524,LOC03,2025-05-09,Disbursement payment,-362.91,Manual/LEAP,-872.17
TR001087,MAT00525,LOC04,2025-04-26,Deposit,28530.66,CommBiz,28530.66
TR001088,MAT00525,LOC04,2025-07-06,Deposit,6575.37,RapidPay,35106.03
TR001089,MAT00525,LOC04,2025-05-28,Disbursement payment,-804.41,InfoTrack,34301.62
TR001090,MAT00525,LOC04,2025-08-23,Transfer to office (billing),-2910.24,Manual/LEAP,31391.38
TR001091,MAT00525,LOC04,2025-10-26,Disbursement payment,-456.11,CommBiz,30935.27
TR001092,MAT00526,LOC01,2025-11-25,Deposit,15426.82,CommBiz,15426.82
TR001093,MAT00527,LOC03,2025-12-04,Deposit,31142.59,CommBiz,31142.59
TR001094,MAT00528,LOC01,2024-07-11,Deposit,4677.34,InfoTrack,4677.34
TR001095,MAT00530,LOC02,2024-12-10,Transfer to office (billing),-3194.18,CommBiz,-3194.18
TR001096,MAT00530,LOC02,2024-09-23,Disbursement payment,-367.81,InfoTrack,-3561.99
TR001097,MAT00531,LOC05,2025-01-26,Deposit,6185.02,CommBiz,6185.02
TR001098,MAT00531,LOC05,2024-12-26,Transfer to office (billing),-3875.0,RapidPay,2310.02
TR001099,MAT00532,LOC04,2025-02-18,Disbursement payment,-748.07,CommBiz,-748.07
TR001100,MAT00534,LOC05,2025-11-12,Disbursement payment,-726.3,CommBiz,-726.3
TR001101,MAT00534,LOC05,2025-12-09,Disbursement payment,-1250.89,InfoTrack,-1977.19
TR001102,MAT00536,LOC04,2024-04-01,Disbursement payment,-1123.59,InfoTrack,-1123.59
TR001103,MAT00536,LOC04,2024-04-01,Disbursement payment,-1508.28,CommBiz,-2631.87
TR001104,MAT00536,LOC04,2024-04-02,Deposit,6236.61,RapidPay,3604.74
TR001105,MAT00537,LOC04,2025-08-08,Disbursement payment,-1017.33,CommBiz,-1017.33
TR001106,MAT00537,LOC04,2025-08-22,Deposit,18792.46,CommBiz,17775.13
TR001107,MAT00537,LOC04,2025-06-19,Deposit,4957.67,CommBiz,22732.8
TR001108,MAT00538,LOC05,2024-08-04,Transfer to office (billing),-3825.84,CommBiz,-3825.84
TR001109,MAT00540,LOC03,2025-12-26,Disbursement payment,-1937.41,RapidPay,-1937.41
TR001110,MAT00540,LOC03,2025-09-15,Disbursement payment,-1172.67,Manual/LEAP,-3110.08
TR001111,MAT00541,LOC01,2024-11-09,Deposit,3199.08,CommBiz,3199.08
TR001112,MAT00541,LOC01,2024-10-06,Disbursement payment,-291.87,RapidPay,2907.21
TR001113,MAT00541,LOC01,2024-10-07,Deposit,10208.71,Manual/LEAP,13115.92
TR001114,MAT00542,LOC03,2025-02-15,Deposit,10615.53,RapidPay,10615.53
TR001115,MAT00543,LOC01,2025-01-01,Disbursement payment,-543.62,CommBiz,-543.62
TR001116,MAT00545,LOC01,2025-04-17,Deposit,8192.99,InfoTrack,8192.99
TR001117,MAT00546,LOC01,2024-12-29,Disbursement payment,-844.09,InfoTrack,-844.09
TR001118,MAT00546,LOC01,2025-03-16,Deposit,2583.23,InfoTrack,1739.14
TR001119,MAT00546,LOC01,2025-01-26,Deposit,8273.45,InfoTrack,10012.59
TR001120,MAT00547,LOC01,2024-12-01,Deposit,17997.36,RapidPay,17997.36
TR001121,MAT00547,LOC01,2024-08-28,Deposit,7462.46,CommBiz,25459.82
TR001122,MAT00547,LOC01,2024-08-01,Disbursement payment,-829.34,CommBiz,24630.48
TR001123,MAT00548,LOC01,2024-04-24,Deposit,6068.57,RapidPay,6068.57
TR001124,MAT00548,LOC01,2024-02-13,Deposit,33060.2,RapidPay,39128.77
TR001125,MAT00548,LOC01,2024-02-07,Deposit,9384.39,CommBiz,48513.16
TR001126,MAT00548,LOC01,2024-04-02,Deposit,3682.11,CommBiz,52195.27
TR001127,MAT00549,LOC01,2024-11-29,Disbursement payment,-645.57,CommBiz,-645.57
TR001128,MAT00550,LOC01,2024-05-04,Deposit,6472.6,CommBiz,6472.6
TR001129,MAT00550,LOC01,2024-05-18,Disbursement payment,-135.82,InfoTrack,6336.78
TR001130,MAT00551,LOC01,2024-11-29,Transfer to office (billing),-1766.25,CommBiz,-1766.25
TR001131,MAT00551,LOC01,2024-11-17,Deposit,5948.51,CommBiz,4182.26
TR001132,MAT00551,LOC01,2024-10-16,Deposit,45834.52,InfoTrack,50016.78
TR001133,MAT00552,LOC03,2024-08-15,Disbursement payment,-1194.07,InfoTrack,-1194.07
TR001134,MAT00552,LOC03,2024-11-01,Disbursement payment,-720.73,InfoTrack,-1914.8
TR001135,MAT00553,LOC03,2025-09-09,Disbursement payment,-1752.06,RapidPay,-1752.06
TR001136,MAT00553,LOC03,2025-11-20,Transfer to office (billing),-2087.44,RapidPay,-3839.5
TR001137,MAT00553,LOC03,2025-11-20,Disbursement payment,-358.99,InfoTrack,-4198.49
TR001138,MAT00553,LOC03,2025-09-14,Deposit,29037.79,CommBiz,24839.3
TR001139,MAT00554,LOC04,2025-10-19,Deposit,15674.47,RapidPay,15674.47
TR001140,MAT00554,LOC04,2025-09-02,Deposit,6331.45,InfoTrack,22005.92
TR001141,MAT00554,LOC04,2025-12-08,Deposit,16426.97,Manual/LEAP,38432.89
TR001142,MAT00555,LOC02,2024-08-27,Deposit,3477.5,Manual/LEAP,3477.5
TR001143,MAT00555,LOC02,2024-12-09,Disbursement payment,-682.07,InfoTrack,2795.43
TR001144,MAT00558,LOC04,2024-06-30,Disbursement payment,-137.81,CommBiz,-137.81
TR001145,MAT00558,LOC04,2024-06-11,Deposit,2294.08,CommBiz,2156.27
TR001146,MAT00559,LOC04,2024-07-10,Deposit,2288.99,InfoTrack,2288.99
TR001147,MAT00559,LOC04,2024-08-15,Deposit,3515.04,Manual/LEAP,5804.03
TR001148,MAT00560,LOC03,2025-01-13,Deposit,4911.83,RapidPay,4911.83
TR001149,MAT00560,LOC03,2024-07-22,Disbursement payment,-344.08,CommBiz,4567.75
TR001150,MAT00561,LOC03,2025-01-03,Deposit,7170.25,CommBiz,7170.25
TR001151,MAT00561,LOC03,2025-01-07,Deposit,8995.97,RapidPay,16166.22
TR001152,MAT00562,LOC04,2024-09-08,Disbursement payment,-426.32,Manual/LEAP,-426.32
TR001153,MAT00562,LOC04,2024-10-16,Transfer to office (billing),-7207.1,Manual/LEAP,-7633.42
TR001154,MAT00562,LOC04,2024-10-10,Transfer to office (billing),-1380.07,Manual/LEAP,-9013.49
TR001155,MAT00562,LOC04,2024-09-29,Disbursement payment,-494.43,CommBiz,-9507.92
TR001156,MAT00563,LOC03,2024-08-21,Disbursement payment,-39.51,Manual/LEAP,-39.51
TR001157,MAT00563,LOC03,2024-09-18,Transfer to office (billing),-4551.18,Manual/LEAP,-4590.69
TR001158,MAT00563,LOC03,2024-09-28,Transfer to office (billing),-1260.24,RapidPay,-5850.93
TR001159,MAT00565,LOC03,2024-02-24,Disbursement payment,-573.37,CommBiz,-573.37
TR001160,MAT00565,LOC03,2024-05-13,Disbursement payment,-365.41,InfoTrack,-938.78
TR001161,MAT00565,LOC03,2024-05-26,Deposit,9487.5,CommBiz,8548.72
TR001162,MAT00566,LOC01,2024-09-19,Disbursement payment,-368.21,Manual/LEAP,-368.21
TR001163,MAT00566,LOC01,2024-09-02,Disbursement payment,-153.21,CommBiz,-521.42
TR001164,MAT00566,LOC01,2024-09-19,Deposit,7392.55,RapidPay,6871.13
TR001165,MAT00567,LOC05,2024-09-16,Deposit,7554.63,Manual/LEAP,7554.63
TR001166,MAT00568,LOC01,2024-07-14,Deposit,3508.29,CommBiz,3508.29
TR001167,MAT00568,LOC01,2025-04-17,Disbursement payment,-1105.92,RapidPay,2402.37
TR001168,MAT00568,LOC01,2025-03-04,Deposit,9952.33,RapidPay,12354.7
TR001169,MAT00569,LOC04,2024-04-17,Disbursement payment,-82.71,InfoTrack,-82.71
TR001170,MAT00569,LOC04,2024-03-07,Deposit,8311.06,InfoTrack,8228.35
TR001171,MAT00569,LOC04,2024-01-10,Deposit,3266.71,InfoTrack,11495.06
TR001172,MAT00570,LOC01,2025-12-24,Disbursement payment,-567.68,RapidPay,-567.68
TR001173,MAT00571,LOC04,2025-04-20,Deposit,3142.3,InfoTrack,3142.3
TR001174,MAT00571,LOC04,2025-05-08,Disbursement payment,-2033.14,InfoTrack,1109.16
TR001175,MAT00571,LOC04,2025-04-14,Deposit,9534.92,CommBiz,10644.08
TR001176,MAT00571,LOC04,2025-05-10,Deposit,12264.8,CommBiz,22908.88
TR001177,MAT00573,LOC03,2024-08-03,Transfer to office (billing),-1865.21,CommBiz,-1865.21
TR001178,MAT00574,LOC04,2025-01-24,Deposit,6427.12,Manual/LEAP,6427.12
TR001179,MAT00575,LOC04,2024-08-23,Deposit,3464.55,RapidPay,3464.55
TR001180,MAT00575,LOC04,2024-06-15,Deposit,5804.07,CommBiz,9268.62
TR001181,MAT00575,LOC04,2024-10-31,Disbursement payment,-453.91,Manual/LEAP,8814.71
TR001182,MAT00575,LOC04,2025-02-19,Deposit,18475.91,CommBiz,27290.62
TR001183,MAT00575,LOC04,2024-12-20,Deposit,19250.66,RapidPay,46541.28
TR001184,MAT00576,LOC03,2025-05-17,Transfer to office (billing),-2524.02,CommBiz,-2524.02
TR001185,MAT00577,LOC02,2024-10-10,Deposit,6459.32,Manual/LEAP,6459.32
TR001186,MAT00577,LOC02,2024-10-13,Transfer to office (billing),-1640.23,CommBiz,4819.09
TR001187,MAT00577,LOC02,2024-11-23,Deposit,12918.74,CommBiz,17737.83
TR001188,MAT00579,LOC01,2025-02-21,Disbursement payment,-544.14,InfoTrack,-544.14
TR001189,MAT00581,LOC01,2024-04-01,Disbursement payment,-426.1,CommBiz,-426.1
TR001190,MAT00581,LOC01,2024-05-01,Disbursement payment,-196.12,Manual/LEAP,-622.22
TR001191,MAT00581,LOC01,2024-05-11,Disbursement payment,-120.16,InfoTrack,-742.38
TR001192,MAT00582,LOC03,2024-06-02,Deposit,1749.06,CommBiz,1749.06
TR001193,MAT00582,LOC03,2024-06-23,Disbursement payment,-380.35,CommBiz,1368.71
TR001194,MAT00582,LOC03,2024-05-16,Deposit,8422.55,CommBiz,9791.26
TR001195,MAT00582,LOC03,2024-06-07,Disbursement payment,-2068.25,CommBiz,7723.01
TR001196,MAT00583,LOC04,2025-11-27,Deposit,21691.42,CommBiz,21691.42
TR001197,MAT00583,LOC04,2025-11-04,Deposit,8885.18,InfoTrack,30576.6
TR001198,MAT00583,LOC04,2025-08-08,Disbursement payment,-1433.16,InfoTrack,29143.44
TR001199,MAT00583,LOC04,2025-10-02,Transfer to office (billing),-891.0,InfoTrack,28252.44
TR001200,MAT00583,LOC04,2025-09-12,Transfer to office (billing),-2922.08,CommBiz,25330.36
TR001201,MAT00584,LOC02,2024-05-30,Deposit,9052.65,CommBiz,9052.65
TR001202,MAT00585,LOC03,2024-09-17,Transfer to office (billing),-6530.05,RapidPay,-6530.05
TR001203,MAT00585,LOC03,2024-10-07,Transfer to office (billing),-1978.64,Manual/LEAP,-8508.69
TR001204,MAT00585,LOC03,2024-09-22,Disbursement payment,-880.48,CommBiz,-9389.17
TR001205,MAT00587,LOC03,2024-06-21,Deposit,18226.49,InfoTrack,18226.49
TR001206,MAT00587,LOC03,2024-06-17,Deposit,14346.04,Manual/LEAP,32572.53
TR001207,MAT00587,LOC03,2024-04-18,Deposit,17913.67,Manual/LEAP,50486.2
TR001208,MAT00587,LOC03,2024-05-06,Deposit,10359.44,Manual/LEAP,60845.64
TR001209,MAT00588,LOC03,2025-06-13,Transfer to office (billing),-3144.02,RapidPay,-3144.02
TR001210,MAT00588,LOC03,2025-05-05,Disbursement payment,-464.4,InfoTrack,-3608.42
TR001211,MAT00589,LOC01,2025-12-21,Deposit,2857.64,CommBiz,2857.64
TR001212,MAT00590,LOC01,2025-12-24,Deposit,7553.02,RapidPay,7553.02
TR001213,MAT00590,LOC01,2025-10-10,Transfer to office (billing),-3713.41,CommBiz,3839.61
TR001214,MAT00591,LOC04,2025-10-05,Deposit,7462.78,CommBiz,7462.78
TR001215,MAT00591,LOC04,2025-09-04,Disbursement payment,-263.57,CommBiz,7199.21
TR001216,MAT00592,LOC02,2024-10-08,Deposit,2826.45,CommBiz,2826.45
TR001217,MAT00593,LOC03,2024-05-06,Disbursement payment,-419.82,InfoTrack,-419.82
TR001218,MAT00594,LOC01,2024-10-01,Transfer to office (billing),-2226.17,Manual/LEAP,-2226.17
TR001219,MAT00596,LOC03,2024-02-21,Transfer to office (billing),-3222.04,RapidPay,-3222.04
TR001220,MAT00597,LOC03,2024-12-08,Deposit,3005.77,CommBiz,3005.77
TR001221,MAT00597,LOC03,2025-06-02,Disbursement payment,-471.1,CommBiz,2534.67
TR001222,MAT00597,LOC03,2025-04-23,Deposit,6202.7,InfoTrack,8737.37
TR001223,MAT00599,LOC03,2025-05-27,Deposit,21549.97,InfoTrack,21549.97
TR001224,MAT00600,LOC04,2024-11-20,Deposit,22301.75,CommBiz,22301.75
TR001225,MAT00600,LOC04,2025-03-06,Deposit,7443.9,CommBiz,29745.65
TR001226,MAT00602,LOC01,2025-10-18,Transfer to office (billing),-1844.8,RapidPay,-1844.8
TR001227,MAT00602,LOC01,2025-12-24,Disbursement payment,-768.01,CommBiz,-2612.81
TR001228,MAT00602,LOC01,2025-11-27,Deposit,11444.89,RapidPay,8832.08
TR001229,MAT00604,LOC04,2025-12-03,Transfer to office (billing),-1725.31,RapidPay,-1725.31
TR001230,MAT00605,LOC05,2024-07-22,Disbursement payment,-1175.01,InfoTrack,-1175.01
TR001231,MAT00605,LOC05,2024-08-06,Deposit,15108.78,Manual/LEAP,13933.77
TR001232,MAT00605,LOC05,2024-08-26,Transfer to office (billing),-8655.85,RapidPay,5277.92
TR001233,MAT00606,LOC03,2025-08-24,Deposit,25272.96,CommBiz,25272.96
TR001234,MAT00606,LOC03,2025-08-09,Disbursement payment,-134.74,Manual/LEAP,25138.22
TR001235,MAT00607,LOC01,2025-05-04,Transfer to office (billing),-964.55,CommBiz,-964.55
TR001236,MAT00607,LOC01,2025-02-06,Transfer to office (billing),-2218.57,InfoTrack,-3183.12
TR001237,MAT00607,LOC01,2025-06-19,Deposit,6968.82,CommBiz,3785.7
TR001238,MAT00607,LOC01,2025-01-18,Deposit,15150.93,CommBiz,18936.63
TR001239,MAT00608,LOC01,2024-12-09,Disbursement payment,-664.41,CommBiz,-664.41
TR001240,MAT00608,LOC01,2025-02-12,Deposit,4998.13,Manual/LEAP,4333.72
TR001241,MAT00608,LOC01,2025-02-13,Disbursement payment,-511.31,InfoTrack,3822.41
TR001242,MAT00608,LOC01,2024-10-28,Deposit,2569.36,CommBiz,6391.77
TR001243,MAT00612,LOC03,2025-02-11,Disbursement payment,-1632.62,RapidPay,-1632.62
TR001244,MAT00613,LOC01,2024-12-07,Disbursement payment,-111.91,CommBiz,-111.91
TR001245,MAT00614,LOC01,2025-08-08,Deposit,20106.77,InfoTrack,20106.77
TR001246,MAT00614,LOC01,2025-08-31,Disbursement payment,-1326.23,CommBiz,18780.54
TR001247,MAT00614,LOC01,2025-11-03,Deposit,5303.78,CommBiz,24084.32
TR001248,MAT00615,LOC04,2024-04-16,Disbursement payment,-563.1,CommBiz,-563.1
TR001249,MAT00615,LOC04,2024-03-25,Transfer to office (billing),-961.8,RapidPay,-1524.9
TR001250,MAT00617,LOC03,2025-07-25,Deposit,10421.66,CommBiz,10421.66
TR001251,MAT00618,LOC02,2025-10-28,Transfer to office (billing),-2339.47,Manual/LEAP,-2339.47
TR001252,MAT00618,LOC02,2025-09-22,Disbursement payment,-2481.4,InfoTrack,-4820.87
TR001253,MAT00618,LOC02,2025-10-05,Disbursement payment,-412.57,RapidPay,-5233.44
TR001254,MAT00618,LOC02,2025-11-05,Deposit,1793.96,CommBiz,-3439.48
TR001255,MAT00619,LOC04,2025-07-25,Deposit,5122.19,RapidPay,5122.19
TR001256,MAT00620,LOC01,2024-06-22,Transfer to office (billing),-3797.22,CommBiz,-3797.22
TR001257,MAT00623,LOC01,2025-12-26,Disbursement payment,-1362.47,CommBiz,-1362.47
TR001258,MAT00623,LOC01,2025-12-06,Transfer to office (billing),-2593.41,CommBiz,-3955.88
TR001259,MAT00623,LOC01,2025-12-23,Deposit,8695.38,InfoTrack,4739.5
TR001260,MAT00623,LOC01,2025-12-28,Transfer to office (billing),-3262.88,CommBiz,1476.62
TR001261,MAT00624,LOC04,2024-02-13,Deposit,24062.34,InfoTrack,24062.34
TR001262,MAT00624,LOC04,2024-09-15,Deposit,12819.57,Manual/LEAP,36881.91
TR001263,MAT00624,LOC04,2024-01-13,Disbursement payment,-704.37,CommBiz,36177.54
TR001264,MAT00625,LOC01,2025-07-04,Disbursement payment,-771.42,CommBiz,-771.42
TR001265,MAT00625,LOC01,2025-08-30,Deposit,18138.68,InfoTrack,17367.26
TR001266,MAT00625,LOC01,2024-12-17,Transfer to office (billing),-3094.16,RapidPay,14273.1
TR001267,MAT00626,LOC01,2024-10-19,Deposit,43701.08,RapidPay,43701.08
TR001268,MAT00626,LOC01,2024-10-04,Disbursement payment,-1225.9,InfoTrack,42475.18
TR001269,MAT00626,LOC01,2024-10-08,Deposit,4048.61,InfoTrack,46523.79
TR001270,MAT00627,LOC04,2024-07-01,Transfer to office (billing),-1221.52,RapidPay,-1221.52
TR001271,MAT00627,LOC04,2024-06-12,Transfer to office (billing),-2182.4,RapidPay,-3403.92
TR001272,MAT00627,LOC04,2024-04-14,Deposit,4843.35,Manual/LEAP,1439.43
TR001273,MAT00628,LOC01,2024-02-25,Disbursement payment,-966.85,Manual/LEAP,-966.85
TR001274,MAT00628,LOC01,2024-02-20,Transfer to office (billing),-8030.27,CommBiz,-8997.12
TR001275,MAT00628,LOC01,2024-03-03,Transfer to office (billing),-4168.17,InfoTrack,-13165.29
TR001276,MAT00629,LOC02,2024-12-29,Transfer to office (billing),-1637.51,CommBiz,-1637.51
TR001277,MAT00629,LOC02,2025-01-08,Transfer to office (billing),-6049.51,Manual/LEAP,-7687.02
TR001278,MAT00629,LOC02,2025-06-01,Deposit,1266.54,CommBiz,-6420.48
TR001279,MAT00630,LOC01,2025-04-15,Disbursement payment,-471.47,CommBiz,-471.47
TR001280,MAT00631,LOC01,2025-12-08,Transfer to office (billing),-1620.18,CommBiz,-1620.18
TR001281,MAT00631,LOC01,2025-05-27,Deposit,6646.38,CommBiz,5026.2
TR001282,MAT00631,LOC01,2025-09-22,Disbursement payment,-419.26,InfoTrack,4606.94
TR001283,MAT00631,LOC01,2025-12-07,Deposit,2697.4,RapidPay,7304.34
TR001284,MAT00631,LOC01,2025-06-05,Disbursement payment,-159.28,Manual/LEAP,7145.06
TR001285,MAT00633,LOC03,2025-11-09,Disbursement payment,-1572.8,RapidPay,-1572.8
TR001286,MAT00633,LOC03,2025-10-21,Disbursement payment,-959.41,Manual/LEAP,-2532.21
TR001287,MAT00634,LOC04,2025-09-01,Deposit,10876.26,CommBiz,10876.26
TR001288,MAT00635,LOC05,2024-08-07,Deposit,7462.9,InfoTrack,7462.9
TR001289,MAT00635,LOC05,2024-11-19,Disbursement payment,-974.53,RapidPay,6488.37
TR001290,MAT00635,LOC05,2024-12-25,Deposit,3215.17,InfoTrack,9703.54
TR001291,MAT00635,LOC05,2024-07-27,Deposit,7714.84,InfoTrack,17418.38
TR001292,MAT00635,LOC05,2024-09-18,Transfer to office (billing),-1655.23,RapidPay,15763.15
TR001293,MAT00636,LOC04,2025-05-26,Deposit,5486.71,CommBiz,5486.71
TR001294,MAT00636,LOC04,2025-07-15,Transfer to office (billing),-4322.88,InfoTrack,1163.83
TR001295,MAT00637,LOC04,2024-09-19,Deposit,12655.77,InfoTrack,12655.77
TR001296,MAT00638,LOC01,2024-08-01,Disbursement payment,-612.35,CommBiz,-612.35
TR001297,MAT00638,LOC01,2024-09-15,Disbursement payment,-1438.43,Manual/LEAP,-2050.78
TR001298,MAT00639,LOC01,2024-02-13,Disbursement payment,-1071.41,CommBiz,-1071.41
TR001299,MAT00639,LOC01,2024-05-11,Deposit,8575.67,RapidPay,7504.26
TR001300,MAT00641,LOC02,2024-01-26,Disbursement payment,-932.76,InfoTrack,-932.76
TR001301,MAT00641,LOC02,2024-04-18,Disbursement payment,-726.9,CommBiz,-1659.66
TR001302,MAT00641,LOC02,2024-02-18,Transfer to office (billing),-1571.18,CommBiz,-3230.84
TR001303,MAT00642,LOC03,2025-03-06,Deposit,25917.51,CommBiz,25917.51
TR001304,MAT00642,LOC03,2025-05-13,Disbursement payment,-493.08,RapidPay,25424.43
TR001305,MAT00642,LOC03,2025-02-20,Disbursement payment,-595.02,Manual/LEAP,24829.41
TR001306,MAT00642,LOC03,2025-05-02,Transfer to office (billing),-10043.49,CommBiz,14785.92
TR001307,MAT00643,LOC05,2024-12-12,Transfer to office (billing),-1960.34,CommBiz,-1960.34
TR001308,MAT00644,LOC02,2025-01-04,Disbursement payment,-1539.57,Manual/LEAP,-1539.57
TR001309,MAT00645,LOC02,2025-03-24,Disbursement payment,-1047.29,InfoTrack,-1047.29
TR001310,MAT00646,LOC01,2024-05-31,Disbursement payment,-430.4,InfoTrack,-430.4
TR001311,MAT00647,LOC02,2025-10-13,Deposit,2198.66,InfoTrack,2198.66
TR001312,MAT00647,LOC02,2025-11-07,Deposit,36886.46,Manual/LEAP,39085.12
TR001313,MAT00647,LOC02,2025-09-21,Transfer to office (billing),-1293.47,RapidPay,37791.65
TR001314,MAT00648,LOC02,2025-12-07,Disbursement payment,-2815.16,CommBiz,-2815.16
TR001315,MAT00649,LOC01,2024-01-23,Disbursement payment,-1663.95,InfoTrack,-1663.95
TR001316,MAT00650,LOC01,2024-11-22,Deposit,5101.28,InfoTrack,5101.28
TR001317,MAT00650,LOC01,2024-07-27,Disbursement payment,-3550.31,RapidPay,1550.97
TR001318,MAT00650,LOC01,2024-12-07,Disbursement payment,-749.84,RapidPay,801.13
TR001319,MAT00650,LOC01,2024-12-27,Disbursement payment,-785.83,CommBiz,15.3
TR001320,MAT00650,LOC01,2024-07-02,Disbursement payment,-359.05,InfoTrack,-343.75
